detector,pixel_number,slot,source,linear_position,horizontal_position,within_scanned_range
upper,1,R1C2,Cd-109-9178,30.878,1.516,False
upper,1,R1C3,Bi-207-8890,30.864,-1.489,False
upper,1,R2C1,Bi-207-9176,32.194,3.586,True
upper,1,R2C2,Bi-207-9177,31.85,0.063,False
upper,1,R2C3,Bi-207-8779,31.996,-3.685,False
upper,2,R1C2,Cd-109-9178,30.883,2.518,False
upper,2,R1C3,Bi-207-8890,30.869,-0.487,False
upper,2,R2C1,Bi-207-9176,32.198,4.588,False
upper,2,R2C2,Bi-207-9177,31.855,1.065,False
upper,2,R2C3,Bi-207-8779,32.0,-2.683,False
upper,3,R1C2,Cd-109-9178,30.888,3.52,False
upper,3,R1C3,Bi-207-8890,30.874,0.515,False
upper,3,R2C1,Bi-207-9176,32.203,5.59,False
upper,3,R2C2,Bi-207-9177,31.86,2.067,False
upper,3,R2C3,Bi-207-8779,32.005,-1.681,False
upper,4,R1C2,Cd-109-9178,30.893,4.522,False
upper,4,R1C3,Bi-207-8890,30.878,1.516,False
upper,4,R2C1,Bi-207-9176,32.208,6.591,False
upper,4,R2C2,Bi-207-9177,31.865,3.069,False
upper,4,R2C3,Bi-207-8779,32.01,-0.68,False
upper,5,R1C2,Cd-109-9178,30.898,5.523,False
upper,5,R1C3,Bi-207-8890,30.883,2.518,False
upper,5,R2C1,Bi-207-9176,32.213,7.593,False
upper,5,R2C2,Bi-207-9177,31.87,4.07,False
upper,5,R2C3,Bi-207-8779,32.015,0.322,False
upper,6,R1C2,Cd-109-9178,30.903,6.525,False
upper,6,R1C3,Bi-207-8890,30.888,3.52,False
upper,6,R2C1,Bi-207-9176,32.218,8.595,False
upper,6,R2C2,Bi-207-9177,31.874,5.072,False
upper,6,R2C3,Bi-207-8779,32.02,1.324,False
upper,7,R1C2,Cd-109-9178,30.907,7.527,False
upper,7,R1C3,Bi-207-8890,30.893,4.522,False
upper,7,R2C1,Bi-207-9176,32.222,9.597,False
upper,7,R2C2,Bi-207-9177,31.879,6.074,False
upper,7,R2C3,Bi-207-8779,32.024,2.326,True
upper,8,R1C2,Cd-109-9178,31.202,1.032,False
upper,8,R1C3,Bi-207-8890,31.188,-1.973,False
upper,8,R2C1,Bi-207-9176,32.518,3.102,True
upper,8,R2C2,Bi-207-9177,32.174,-0.421,False
upper,8,R2C3,Bi-207-8779,32.32,-4.169,False
upper,9,R1C2,Cd-109-9178,31.207,2.034,False
upper,9,R1C3,Bi-207-8890,31.193,-0.972,False
upper,9,R2C1,Bi-207-9176,32.522,4.104,False
upper,9,R2C2,Bi-207-9177,32.179,0.581,False
upper,9,R2C3,Bi-207-8779,32.324,-3.167,False
upper,10,R1C2,Cd-109-9178,31.212,3.036,False
upper,10,R1C3,Bi-207-8890,31.198,0.03,False
upper,10,R2C1,Bi-207-9176,32.527,5.105,False
upper,10,R2C2,Bi-207-9177,32.184,1.583,False
upper,10,R2C3,Bi-207-8779,32.329,-2.166,False
upper,11,R1C2,Cd-109-9178,31.217,4.037,False
upper,11,R1C3,Bi-207-8890,31.202,1.032,False
upper,11,R2C1,Bi-207-9176,32.532,6.107,False
upper,11,R2C2,Bi-207-9177,32.189,2.584,True
upper,11,R2C3,Bi-207-8779,32.334,-1.164,False
upper,12,R1C2,Cd-109-9178,31.222,5.039,False
upper,12,R1C3,Bi-207-8890,31.207,2.034,False
upper,12,R2C1,Bi-207-9176,32.537,7.109,False
upper,12,R2C2,Bi-207-9177,32.194,3.586,True
upper,12,R2C3,Bi-207-8779,32.339,-0.162,False
upper,13,R1C2,Cd-109-9178,31.226,6.041,False
upper,13,R1C3,Bi-207-8890,31.212,3.036,False
upper,13,R2C1,Bi-207-9176,32.542,8.111,False
upper,13,R2C2,Bi-207-9177,32.198,4.588,False
upper,13,R2C3,Bi-207-8779,32.344,0.84,False
upper,14,R1C2,Cd-109-9178,31.231,7.043,False
upper,14,R1C3,Bi-207-8890,31.217,4.037,False
upper,14,R2C1,Bi-207-9176,32.546,9.112,False
upper,14,R2C2,Bi-207-9177,32.203,5.59,False
upper,14,R2C3,Bi-207-8779,32.348,1.841,True
upper,15,R1C2,Cd-109-9178,31.236,8.044,False
upper,15,R1C3,Bi-207-8890,31.222,5.039,False
upper,15,R2C1,Bi-207-9176,32.551,10.114,False
upper,15,R2C2,Bi-207-9177,32.208,6.591,False
upper,15,R2C3,Bi-207-8779,32.353,2.843,True
upper,16,R1C2,Cd-109-9178,31.526,0.548,False
upper,16,R1C3,Bi-207-8890,31.512,-2.458,False
upper,16,R2C1,Bi-207-9176,32.842,2.618,True
upper,16,R2C2,Bi-207-9177,32.498,-0.905,False
upper,16,R2C3,Bi-207-8779,32.643,-4.654,False
upper,17,R1C2,Cd-109-9178,31.531,1.549,False
upper,17,R1C3,Bi-207-8890,31.517,-1.456,False
upper,17,R2C1,Bi-207-9176,32.846,3.619,True
upper,17,R2C2,Bi-207-9177,32.503,0.097,False
upper,17,R2C3,Bi-207-8779,32.648,-3.652,False
upper,18,R1C2,Cd-109-9178,31.536,2.551,False
upper,18,R1C3,Bi-207-8890,31.522,-0.454,False
upper,18,R2C1,Bi-207-9176,32.851,4.621,False
upper,18,R2C2,Bi-207-9177,32.508,1.098,False
upper,18,R2C3,Bi-207-8779,32.653,-2.65,False
upper,19,R1C2,Cd-109-9178,31.541,3.553,False
upper,19,R1C3,Bi-207-8890,31.526,0.548,False
upper,19,R2C1,Bi-207-9176,32.856,5.623,False
upper,19,R2C2,Bi-207-9177,32.513,2.1,True
upper,19,R2C3,Bi-207-8779,32.658,-1.648,False
upper,20,R1C2,Cd-109-9178,31.546,4.555,False
upper,20,R1C3,Bi-207-8890,31.531,1.549,False
upper,20,R2C1,Bi-207-9176,32.861,6.625,False
upper,20,R2C2,Bi-207-9177,32.518,3.102,True
upper,20,R2C3,Bi-207-8779,32.663,-0.646,False
upper,21,R1C2,Cd-109-9178,31.55,5.557,False
upper,21,R1C3,Bi-207-8890,31.536,2.551,False
upper,21,R2C1,Bi-207-9176,32.866,7.626,False
upper,21,R2C2,Bi-207-9177,32.522,4.104,False
upper,21,R2C3,Bi-207-8779,32.668,0.355,False
upper,22,R1C2,Cd-109-9178,31.555,6.558,False
upper,22,R1C3,Bi-207-8890,31.541,3.553,False
upper,22,R2C1,Bi-207-9176,32.87,8.628,False
upper,22,R2C2,Bi-207-9177,32.527,5.105,False
upper,22,R2C3,Bi-207-8779,32.672,1.357,False
upper,23,R1C2,Cd-109-9178,31.56,7.56,False
upper,23,R1C3,Bi-207-8890,31.546,4.555,False
upper,23,R2C1,Bi-207-9176,32.875,9.63,False
upper,23,R2C2,Bi-207-9177,32.532,6.107,False
upper,23,R2C3,Bi-207-8779,32.677,2.359,True
upper,24,R1C2,Cd-109-9178,31.565,8.562,False
upper,24,R1C3,Bi-207-8890,31.55,5.557,False
upper,24,R2C1,Bi-207-9176,32.88,10.632,False
upper,24,R2C2,Bi-207-9177,32.537,7.109,False
upper,24,R2C3,Bi-207-8779,32.682,3.361,True
upper,25,R1C2,Cd-109-9178,31.85,0.063,False
upper,25,R1C3,Bi-207-8890,31.836,-2.942,False
upper,25,R2C1,Bi-207-9176,33.166,2.133,True
upper,25,R2C2,Bi-207-9177,32.822,-1.389,False
upper,25,R2C3,Bi-207-8779,32.967,-5.138,False
upper,26,R1C2,Cd-109-9178,31.855,1.065,False
upper,26,R1C3,Bi-207-8890,31.841,-1.94,False
upper,26,R2C1,Bi-207-9176,33.17,3.135,True
upper,26,R2C2,Bi-207-9177,32.827,-0.388,False
upper,26,R2C3,Bi-207-8779,32.972,-4.136,False
upper,27,R1C2,Cd-109-9178,31.86,2.067,False
upper,27,R1C3,Bi-207-8890,31.846,-0.938,False
upper,27,R2C1,Bi-207-9176,33.175,4.137,False
upper,27,R2C2,Bi-207-9177,32.832,0.614,False
upper,27,R2C3,Bi-207-8779,32.977,-3.134,False
upper,28,R1C2,Cd-109-9178,31.865,3.069,False
upper,28,R1C3,Bi-207-8890,31.85,0.063,False
upper,28,R2C1,Bi-207-9176,33.18,5.139,False
upper,28,R2C2,Bi-207-9177,32.837,1.616,True
upper,28,R2C3,Bi-207-8779,32.982,-2.132,False
upper,29,R1C2,Cd-109-9178,31.87,4.07,False
upper,29,R1C3,Bi-207-8890,31.855,1.065,False
upper,29,R2C1,Bi-207-9176,33.185,6.14,False
upper,29,R2C2,Bi-207-9177,32.842,2.618,True
upper,29,R2C3,Bi-207-8779,32.987,-1.131,False
upper,30,R1C2,Cd-109-9178,31.874,5.072,False
upper,30,R1C3,Bi-207-8890,31.86,2.067,False
upper,30,R2C1,Bi-207-9176,33.19,7.142,False
upper,30,R2C2,Bi-207-9177,32.846,3.619,True
upper,30,R2C3,Bi-207-8779,32.992,-0.129,False
upper,31,R1C2,Cd-109-9178,31.879,6.074,False
upper,31,R1C3,Bi-207-8890,31.865,3.069,False
upper,31,R2C1,Bi-207-9176,33.194,8.144,False
upper,31,R2C2,Bi-207-9177,32.851,4.621,False
upper,31,R2C3,Bi-207-8779,32.996,0.873,False
upper,32,R1C2,Cd-109-9178,31.884,7.076,False
upper,32,R1C3,Bi-207-8890,31.87,4.07,False
upper,32,R2C1,Bi-207-9176,33.199,9.146,False
upper,32,R2C2,Bi-207-9177,32.856,5.623,False
upper,32,R2C3,Bi-207-8779,33.001,1.875,True
upper,33,R1C2,Cd-109-9178,31.889,8.078,False
upper,33,R1C3,Bi-207-8890,31.874,5.072,False
upper,33,R2C1,Bi-207-9176,33.204,10.147,False
upper,33,R2C2,Bi-207-9177,32.861,6.625,False
upper,33,R2C3,Bi-207-8779,33.006,2.876,True
upper,34,R1C2,Cd-109-9178,31.894,9.079,False
upper,34,R1C3,Bi-207-8890,31.879,6.074,False
upper,34,R2C1,Bi-207-9176,33.209,11.149,False
upper,34,R2C2,Bi-207-9177,32.866,7.626,False
upper,34,R2C3,Bi-207-8779,33.011,3.878,False
upper,35,R1C2,Cd-109-9178,32.174,-0.421,False
upper,35,R1C3,Bi-207-8890,32.16,-3.426,False
upper,35,R2C1,Bi-207-9176,33.489,1.649,True
upper,35,R2C2,Bi-207-9177,33.146,-1.874,False
upper,35,R2C3,Bi-207-8779,33.291,-5.622,False
upper,36,R1C2,Cd-109-9178,32.179,0.581,False
upper,36,R1C3,Bi-207-8890,32.165,-2.424,False
upper,36,R2C1,Bi-207-9176,33.494,2.651,True
upper,36,R2C2,Bi-207-9177,33.151,-0.872,False
upper,36,R2C3,Bi-207-8779,33.296,-4.62,False
upper,37,R1C2,Cd-109-9178,32.184,1.583,False
upper,37,R1C3,Bi-207-8890,32.17,-1.423,False
upper,37,R2C1,Bi-207-9176,33.499,3.653,True
upper,37,R2C2,Bi-207-9177,33.156,0.13,False
upper,37,R2C3,Bi-207-8779,33.301,-3.619,False
upper,38,R1C2,Cd-109-9178,32.189,2.584,True
upper,38,R1C3,Bi-207-8890,32.174,-0.421,False
upper,38,R2C1,Bi-207-9176,33.504,4.654,False
upper,38,R2C2,Bi-207-9177,33.161,1.132,False
upper,38,R2C3,Bi-207-8779,33.306,-2.617,False
upper,39,R1C2,Cd-109-9178,32.194,3.586,True
upper,39,R1C3,Bi-207-8890,32.179,0.581,False
upper,39,R2C1,Bi-207-9176,33.509,5.656,False
upper,39,R2C2,Bi-207-9177,33.166,2.133,True
upper,39,R2C3,Bi-207-8779,33.311,-1.615,False
upper,40,R1C2,Cd-109-9178,32.198,4.588,False
upper,40,R1C3,Bi-207-8890,32.184,1.583,False
upper,40,R2C1,Bi-207-9176,33.514,6.658,False
upper,40,R2C2,Bi-207-9177,33.17,3.135,True
upper,40,R2C3,Bi-207-8779,33.315,-0.613,False
upper,41,R1C2,Cd-109-9178,32.203,5.59,False
upper,41,R1C3,Bi-207-8890,32.189,2.584,True
upper,41,R2C1,Bi-207-9176,33.518,7.66,False
upper,41,R2C2,Bi-207-9177,33.175,4.137,False
upper,41,R2C3,Bi-207-8779,33.32,0.389,False
upper,42,R1C2,Cd-109-9178,32.208,6.591,False
upper,42,R1C3,Bi-207-8890,32.194,3.586,True
upper,42,R2C1,Bi-207-9176,33.523,8.661,False
upper,42,R2C2,Bi-207-9177,33.18,5.139,False
upper,42,R2C3,Bi-207-8779,33.325,1.39,False
upper,43,R1C2,Cd-109-9178,32.213,7.593,False
upper,43,R1C3,Bi-207-8890,32.198,4.588,False
upper,43,R2C1,Bi-207-9176,33.528,9.663,False
upper,43,R2C2,Bi-207-9177,33.185,6.14,False
upper,43,R2C3,Bi-207-8779,33.33,2.392,True
upper,44,R1C2,Cd-109-9178,32.218,8.595,False
upper,44,R1C3,Bi-207-8890,32.203,5.59,False
upper,44,R2C1,Bi-207-9176,33.533,10.665,False
upper,44,R2C2,Bi-207-9177,33.19,7.142,False
upper,44,R2C3,Bi-207-8779,33.335,3.394,True
upper,45,R1C2,Cd-109-9178,32.222,9.597,False
upper,45,R1C3,Bi-207-8890,32.208,6.591,False
upper,45,R2C1,Bi-207-9176,33.538,11.667,False
upper,45,R2C2,Bi-207-9177,33.194,8.144,False
upper,45,R2C3,Bi-207-8779,33.34,4.396,False
upper,46,R1C2,Cd-109-9178,32.498,-0.905,False
upper,46,R1C3,Bi-207-8890,32.484,-3.91,False
upper,46,R2C1,Bi-207-9176,33.813,1.165,False
upper,46,R2C2,Bi-207-9177,33.47,-2.358,False
upper,46,R2C3,Bi-207-8779,33.615,-6.106,False
upper,47,R1C2,Cd-109-9178,32.503,0.097,False
upper,47,R1C3,Bi-207-8890,32.489,-2.909,False
upper,47,R2C1,Bi-207-9176,33.818,2.166,True
upper,47,R2C2,Bi-207-9177,33.475,-1.356,False
upper,47,R2C3,Bi-207-8779,33.62,-5.105,False
upper,48,R1C2,Cd-109-9178,32.508,1.098,False
upper,48,R1C3,Bi-207-8890,32.494,-1.907,False
upper,48,R2C1,Bi-207-9176,33.823,3.168,True
upper,48,R2C2,Bi-207-9177,33.48,-0.355,False
upper,48,R2C3,Bi-207-8779,33.625,-4.103,False
upper,49,R1C2,Cd-109-9178,32.513,2.1,True
upper,49,R1C3,Bi-207-8890,32.498,-0.905,False
upper,49,R2C1,Bi-207-9176,33.828,4.17,False
upper,49,R2C2,Bi-207-9177,33.485,0.647,False
upper,49,R2C3,Bi-207-8779,33.63,-3.101,False
upper,50,R1C2,Cd-109-9178,32.518,3.102,True
upper,50,R1C3,Bi-207-8890,32.503,0.097,False
upper,50,R2C1,Bi-207-9176,33.833,5.172,False
upper,50,R2C2,Bi-207-9177,33.489,1.649,True
upper,50,R2C3,Bi-207-8779,33.635,-2.099,False
upper,51,R1C2,Cd-109-9178,32.522,4.104,False
upper,51,R1C3,Bi-207-8890,32.508,1.098,False
upper,51,R2C1,Bi-207-9176,33.837,6.174,False
upper,51,R2C2,Bi-207-9177,33.494,2.651,True
upper,51,R2C3,Bi-207-8779,33.639,-1.098,False
upper,52,R1C2,Cd-109-9178,32.527,5.105,False
upper,52,R1C3,Bi-207-8890,32.513,2.1,True
upper,52,R2C1,Bi-207-9176,33.842,7.175,False
upper,52,R2C2,Bi-207-9177,33.499,3.653,True
upper,52,R2C3,Bi-207-8779,33.644,-0.096,False
upper,53,R1C2,Cd-109-9178,32.532,6.107,False
upper,53,R1C3,Bi-207-8890,32.518,3.102,True
upper,53,R2C1,Bi-207-9176,33.847,8.177,False
upper,53,R2C2,Bi-207-9177,33.504,4.654,False
upper,53,R2C3,Bi-207-8779,33.649,0.906,False
upper,54,R1C2,Cd-109-9178,32.537,7.109,False
upper,54,R1C3,Bi-207-8890,32.522,4.104,False
upper,54,R2C1,Bi-207-9176,33.852,9.179,False
upper,54,R2C2,Bi-207-9177,33.509,5.656,False
upper,54,R2C3,Bi-207-8779,33.654,1.908,True
upper,55,R1C2,Cd-109-9178,32.542,8.111,False
upper,55,R1C3,Bi-207-8890,32.527,5.105,False
upper,55,R2C1,Bi-207-9176,33.857,10.181,False
upper,55,R2C2,Bi-207-9177,33.514,6.658,False
upper,55,R2C3,Bi-207-8779,33.659,2.91,True
upper,56,R1C2,Cd-109-9178,32.546,9.112,False
upper,56,R1C3,Bi-207-8890,32.532,6.107,False
upper,56,R2C1,Bi-207-9176,33.862,11.182,False
upper,56,R2C2,Bi-207-9177,33.518,7.66,False
upper,56,R2C3,Bi-207-8779,33.663,3.911,False
upper,57,R1C2,Cd-109-9178,32.551,10.114,False
upper,57,R1C3,Bi-207-8890,32.537,7.109,False
upper,57,R2C1,Bi-207-9176,33.866,12.184,False
upper,57,R2C2,Bi-207-9177,33.523,8.661,False
upper,57,R2C3,Bi-207-8779,33.668,4.913,False
upper,58,R1C2,Cd-109-9178,32.822,-1.389,False
upper,58,R1C3,Bi-207-8890,32.808,-4.395,False
upper,58,R2C1,Bi-207-9176,34.137,0.68,False
upper,58,R2C2,Bi-207-9177,33.794,-2.842,False
upper,58,R2C3,Bi-207-8779,33.939,-6.591,False
upper,59,R1C2,Cd-109-9178,32.827,-0.388,False
upper,59,R1C3,Bi-207-8890,32.813,-3.393,False
upper,59,R2C1,Bi-207-9176,34.142,1.682,True
upper,59,R2C2,Bi-207-9177,33.799,-1.841,False
upper,59,R2C3,Bi-207-8779,33.944,-5.589,False
upper,60,R1C2,Cd-109-9178,32.832,0.614,False
upper,60,R1C3,Bi-207-8890,32.817,-2.391,False
upper,60,R2C1,Bi-207-9176,34.147,2.684,True
upper,60,R2C2,Bi-207-9177,33.804,-0.839,False
upper,60,R2C3,Bi-207-8779,33.949,-4.587,False
upper,61,R1C2,Cd-109-9178,32.837,1.616,True
upper,61,R1C3,Bi-207-8890,32.822,-1.389,False
upper,61,R2C1,Bi-207-9176,34.152,3.686,True
upper,61,R2C2,Bi-207-9177,33.809,0.163,False
upper,61,R2C3,Bi-207-8779,33.954,-3.585,False
upper,62,R1C2,Cd-109-9178,32.842,2.618,True
upper,62,R1C3,Bi-207-8890,32.827,-0.388,False
upper,62,R2C1,Bi-207-9176,34.157,4.687,False
upper,62,R2C2,Bi-207-9177,33.813,1.165,False
upper,62,R2C3,Bi-207-8779,33.959,-2.584,False
upper,63,R1C2,Cd-109-9178,32.846,3.619,True
upper,63,R1C3,Bi-207-8890,32.832,0.614,False
upper,63,R2C1,Bi-207-9176,34.161,5.689,False
upper,63,R2C2,Bi-207-9177,33.818,2.166,True
upper,63,R2C3,Bi-207-8779,33.963,-1.582,False
upper,64,R1C2,Cd-109-9178,32.851,4.621,False
upper,64,R1C3,Bi-207-8890,32.837,1.616,True
upper,64,R2C1,Bi-207-9176,34.166,6.691,False
upper,64,R2C2,Bi-207-9177,33.823,3.168,True
upper,64,R2C3,Bi-207-8779,33.968,-0.58,False
upper,65,R1C2,Cd-109-9178,32.856,5.623,False
upper,65,R1C3,Bi-207-8890,32.842,2.618,True
upper,65,R2C1,Bi-207-9176,34.171,7.693,False
upper,65,R2C2,Bi-207-9177,33.828,4.17,False
upper,65,R2C3,Bi-207-8779,33.973,0.422,False
upper,66,R1C2,Cd-109-9178,32.861,6.625,False
upper,66,R1C3,Bi-207-8890,32.846,3.619,True
upper,66,R2C1,Bi-207-9176,34.176,8.695,False
upper,66,R2C2,Bi-207-9177,33.833,5.172,False
upper,66,R2C3,Bi-207-8779,33.978,1.423,False
upper,67,R1C2,Cd-109-9178,32.866,7.626,False
upper,67,R1C3,Bi-207-8890,32.851,4.621,False
upper,67,R2C1,Bi-207-9176,34.181,9.696,False
upper,67,R2C2,Bi-207-9177,33.837,6.174,False
upper,67,R2C3,Bi-207-8779,33.983,2.425,True
upper,68,R1C2,Cd-109-9178,32.87,8.628,False
upper,68,R1C3,Bi-207-8890,32.856,5.623,False
upper,68,R2C1,Bi-207-9176,34.186,10.698,False
upper,68,R2C2,Bi-207-9177,33.842,7.175,False
upper,68,R2C3,Bi-207-8779,33.987,3.427,True
upper,69,R1C2,Cd-109-9178,32.875,9.63,False
upper,69,R1C3,Bi-207-8890,32.861,6.625,False
upper,69,R2C1,Bi-207-9176,34.19,11.7,False
upper,69,R2C2,Bi-207-9177,33.847,8.177,False
upper,69,R2C3,Bi-207-8779,33.992,4.429,False
upper,70,R1C2,Cd-109-9178,32.88,10.632,False
upper,70,R1C3,Bi-207-8890,32.866,7.626,False
upper,70,R2C1,Bi-207-9176,34.195,12.702,False
upper,70,R2C2,Bi-207-9177,33.852,9.179,False
upper,70,R2C3,Bi-207-8779,33.997,5.431,False
upper,71,R1C2,Cd-109-9178,33.151,-0.872,False
upper,71,R1C3,Bi-207-8890,33.137,-3.877,False
upper,71,R2C1,Bi-207-9176,34.466,1.198,False
upper,71,R2C2,Bi-207-9177,34.123,-2.325,False
upper,71,R2C3,Bi-207-8779,34.268,-6.073,False
upper,72,R1C2,Cd-109-9178,33.156,0.13,False
upper,72,R1C3,Bi-207-8890,33.141,-2.876,False
upper,72,R2C1,Bi-207-9176,34.471,2.2,True
upper,72,R2C2,Bi-207-9177,34.128,-1.323,False
upper,72,R2C3,Bi-207-8779,34.273,-5.071,False
upper,73,R1C2,Cd-109-9178,33.161,1.132,False
upper,73,R1C3,Bi-207-8890,33.146,-1.874,False
upper,73,R2C1,Bi-207-9176,34.476,3.201,True
upper,73,R2C2,Bi-207-9177,34.133,-0.321,False
upper,73,R2C3,Bi-207-8779,34.278,-4.07,False
upper,74,R1C2,Cd-109-9178,33.166,2.133,True
upper,74,R1C3,Bi-207-8890,33.151,-0.872,False
upper,74,R2C1,Bi-207-9176,34.481,4.203,False
upper,74,R2C2,Bi-207-9177,34.137,0.68,False
upper,74,R2C3,Bi-207-8779,34.283,-3.068,False
upper,75,R1C2,Cd-109-9178,33.17,3.135,True
upper,75,R1C3,Bi-207-8890,33.156,0.13,False
upper,75,R2C1,Bi-207-9176,34.485,5.205,False
upper,75,R2C2,Bi-207-9177,34.142,1.682,True
upper,75,R2C3,Bi-207-8779,34.287,-2.066,False
upper,76,R1C2,Cd-109-9178,33.175,4.137,False
upper,76,R1C3,Bi-207-8890,33.161,1.132,False
upper,76,R2C1,Bi-207-9176,34.49,6.207,False
upper,76,R2C2,Bi-207-9177,34.147,2.684,True
upper,76,R2C3,Bi-207-8779,34.292,-1.064,False
upper,77,R1C2,Cd-109-9178,33.18,5.139,False
upper,77,R1C3,Bi-207-8890,33.166,2.133,True
upper,77,R2C1,Bi-207-9176,34.495,7.208,False
upper,77,R2C2,Bi-207-9177,34.152,3.686,True
upper,77,R2C3,Bi-207-8779,34.297,-0.063,False
upper,78,R1C2,Cd-109-9178,33.185,6.14,False
upper,78,R1C3,Bi-207-8890,33.17,3.135,True
upper,78,R2C1,Bi-207-9176,34.5,8.21,False
upper,78,R2C2,Bi-207-9177,34.157,4.687,False
upper,78,R2C3,Bi-207-8779,34.302,0.939,False
upper,79,R1C2,Cd-109-9178,33.19,7.142,False
upper,79,R1C3,Bi-207-8890,33.175,4.137,False
upper,79,R2C1,Bi-207-9176,34.505,9.212,False
upper,79,R2C2,Bi-207-9177,34.161,5.689,False
upper,79,R2C3,Bi-207-8779,34.307,1.941,True
upper,80,R1C2,Cd-109-9178,33.194,8.144,False
upper,80,R1C3,Bi-207-8890,33.18,5.139,False
upper,80,R2C1,Bi-207-9176,34.509,10.214,False
upper,80,R2C2,Bi-207-9177,34.166,6.691,False
upper,80,R2C3,Bi-207-8779,34.311,2.943,True
upper,81,R1C2,Cd-109-9178,33.199,9.146,False
upper,81,R1C3,Bi-207-8890,33.185,6.14,False
upper,81,R2C1,Bi-207-9176,34.514,11.216,False
upper,81,R2C2,Bi-207-9177,34.171,7.693,False
upper,81,R2C3,Bi-207-8779,34.316,3.944,False
upper,82,R1C2,Cd-109-9178,33.204,10.147,False
upper,82,R1C3,Bi-207-8890,33.19,7.142,False
upper,82,R2C1,Bi-207-9176,34.519,12.217,False
upper,82,R2C2,Bi-207-9177,34.176,8.695,False
upper,82,R2C3,Bi-207-8779,34.321,4.946,False
upper,83,R1C2,Cd-109-9178,33.48,-0.355,False
upper,83,R1C3,Bi-207-8890,33.465,-3.36,False
upper,83,R2C1,Bi-207-9176,34.795,1.715,True
upper,83,R2C2,Bi-207-9177,34.452,-1.807,False
upper,83,R2C3,Bi-207-8779,34.597,-5.556,False
upper,84,R1C2,Cd-109-9178,33.485,0.647,False
upper,84,R1C3,Bi-207-8890,33.47,-2.358,False
upper,84,R2C1,Bi-207-9176,34.8,2.717,True
upper,84,R2C2,Bi-207-9177,34.457,-0.806,False
upper,84,R2C3,Bi-207-8779,34.602,-4.554,False
upper,85,R1C2,Cd-109-9178,33.489,1.649,True
upper,85,R1C3,Bi-207-8890,33.475,-1.356,False
upper,85,R2C1,Bi-207-9176,34.805,3.719,True
upper,85,R2C2,Bi-207-9177,34.461,0.196,False
upper,85,R2C3,Bi-207-8779,34.607,-3.552,False
upper,86,R1C2,Cd-109-9178,33.494,2.651,True
upper,86,R1C3,Bi-207-8890,33.48,-0.355,False
upper,86,R2C1,Bi-207-9176,34.809,4.721,False
upper,86,R2C2,Bi-207-9177,34.466,1.198,False
upper,86,R2C3,Bi-207-8779,34.611,-2.55,False
upper,87,R1C2,Cd-109-9178,33.499,3.653,True
upper,87,R1C3,Bi-207-8890,33.485,0.647,False
upper,87,R2C1,Bi-207-9176,34.814,5.722,False
upper,87,R2C2,Bi-207-9177,34.471,2.2,True
upper,87,R2C3,Bi-207-8779,34.616,-1.549,False
upper,88,R1C2,Cd-109-9178,33.504,4.654,False
upper,88,R1C3,Bi-207-8890,33.489,1.649,True
upper,88,R2C1,Bi-207-9176,34.819,6.724,False
upper,88,R2C2,Bi-207-9177,34.476,3.201,True
upper,88,R2C3,Bi-207-8779,34.621,-0.547,False
upper,89,R1C2,Cd-109-9178,33.509,5.656,False
upper,89,R1C3,Bi-207-8890,33.494,2.651,True
upper,89,R2C1,Bi-207-9176,34.824,7.726,False
upper,89,R2C2,Bi-207-9177,34.481,4.203,False
upper,89,R2C3,Bi-207-8779,34.626,0.455,False
upper,90,R1C2,Cd-109-9178,33.514,6.658,False
upper,90,R1C3,Bi-207-8890,33.499,3.653,True
upper,90,R2C1,Bi-207-9176,34.829,8.728,False
upper,90,R2C2,Bi-207-9177,34.485,5.205,False
upper,90,R2C3,Bi-207-8779,34.631,1.457,False
upper,91,R1C2,Cd-109-9178,33.518,7.66,False
upper,91,R1C3,Bi-207-8890,33.504,4.654,False
upper,91,R2C1,Bi-207-9176,34.833,9.729,False
upper,91,R2C2,Bi-207-9177,34.49,6.207,False
upper,91,R2C3,Bi-207-8779,34.635,2.458,True
upper,92,R1C2,Cd-109-9178,33.523,8.661,False
upper,92,R1C3,Bi-207-8890,33.509,5.656,False
upper,92,R2C1,Bi-207-9176,34.838,10.731,False
upper,92,R2C2,Bi-207-9177,34.495,7.208,False
upper,92,R2C3,Bi-207-8779,34.64,3.46,True
upper,93,R1C2,Cd-109-9178,33.528,9.663,False
upper,93,R1C3,Bi-207-8890,33.514,6.658,False
upper,93,R2C1,Bi-207-9176,34.843,11.733,False
upper,93,R2C2,Bi-207-9177,34.5,8.21,False
upper,93,R2C3,Bi-207-8779,34.645,4.462,False
upper,94,R1C2,Cd-109-9178,33.809,0.163,False
upper,94,R1C3,Bi-207-8890,33.794,-2.842,False
upper,94,R2C1,Bi-207-9176,35.124,2.233,False
upper,94,R2C2,Bi-207-9177,34.781,-1.29,False
upper,94,R2C3,Bi-207-8779,34.926,-5.038,False
upper,95,R1C2,Cd-109-9178,33.813,1.165,False
upper,95,R1C3,Bi-207-8890,33.799,-1.841,False
upper,95,R2C1,Bi-207-9176,35.129,3.235,False
upper,95,R2C2,Bi-207-9177,34.785,-0.288,False
upper,95,R2C3,Bi-207-8779,34.931,-4.036,False
upper,96,R1C2,Cd-109-9178,33.818,2.166,True
upper,96,R1C3,Bi-207-8890,33.804,-0.839,False
upper,96,R2C1,Bi-207-9176,35.133,4.236,False
upper,96,R2C2,Bi-207-9177,34.79,0.714,False
upper,96,R2C3,Bi-207-8779,34.935,-3.035,False
upper,97,R1C2,Cd-109-9178,33.823,3.168,True
upper,97,R1C3,Bi-207-8890,33.809,0.163,False
upper,97,R2C1,Bi-207-9176,35.138,5.238,False
upper,97,R2C2,Bi-207-9177,34.795,1.715,True
upper,97,R2C3,Bi-207-8779,34.94,-2.033,False
upper,98,R1C2,Cd-109-9178,33.828,4.17,False
upper,98,R1C3,Bi-207-8890,33.813,1.165,False
upper,98,R2C1,Bi-207-9176,35.143,6.24,False
upper,98,R2C2,Bi-207-9177,34.8,2.717,True
upper,98,R2C3,Bi-207-8779,34.945,-1.031,False
upper,99,R1C2,Cd-109-9178,33.833,5.172,False
upper,99,R1C3,Bi-207-8890,33.818,2.166,True
upper,99,R2C1,Bi-207-9176,35.148,7.242,False
upper,99,R2C2,Bi-207-9177,34.805,3.719,True
upper,99,R2C3,Bi-207-8779,34.95,-0.029,False
upper,100,R1C2,Cd-109-9178,33.837,6.174,False
upper,100,R1C3,Bi-207-8890,33.823,3.168,True
upper,100,R2C1,Bi-207-9176,35.153,8.243,False
upper,100,R2C2,Bi-207-9177,34.809,4.721,False
upper,100,R2C3,Bi-207-8779,34.955,0.972,False
upper,101,R1C2,Cd-109-9178,33.842,7.175,False
upper,101,R1C3,Bi-207-8890,33.828,4.17,False
upper,101,R2C1,Bi-207-9176,35.157,9.245,False
upper,101,R2C2,Bi-207-9177,34.814,5.722,False
upper,101,R2C3,Bi-207-8779,34.959,1.974,True
upper,102,R1C2,Cd-109-9178,33.847,8.177,False
upper,102,R1C3,Bi-207-8890,33.833,5.172,False
upper,102,R2C1,Bi-207-9176,35.162,10.247,False
upper,102,R2C2,Bi-207-9177,34.819,6.724,False
upper,102,R2C3,Bi-207-8779,34.964,2.976,True
upper,103,R1C2,Cd-109-9178,33.852,9.179,False
upper,103,R1C3,Bi-207-8890,33.837,6.174,False
upper,103,R2C1,Bi-207-9176,35.167,11.249,False
upper,103,R2C2,Bi-207-9177,34.824,7.726,False
upper,103,R2C3,Bi-207-8779,34.969,3.978,False
upper,104,R1C2,Cd-109-9178,34.137,0.68,False
upper,104,R1C3,Bi-207-8890,34.123,-2.325,False
upper,104,R2C1,Bi-207-9176,35.453,2.75,False
upper,104,R2C2,Bi-207-9177,35.109,-0.772,False
upper,104,R2C3,Bi-207-8779,35.254,-4.521,False
upper,105,R1C2,Cd-109-9178,34.142,1.682,True
upper,105,R1C3,Bi-207-8890,34.128,-1.323,False
upper,105,R2C1,Bi-207-9176,35.457,3.752,False
upper,105,R2C2,Bi-207-9177,35.114,0.229,False
upper,105,R2C3,Bi-207-8779,35.259,-3.519,False
upper,106,R1C2,Cd-109-9178,34.147,2.684,True
upper,106,R1C3,Bi-207-8890,34.133,-0.321,False
upper,106,R2C1,Bi-207-9176,35.462,4.754,False
upper,106,R2C2,Bi-207-9177,35.119,1.231,False
upper,106,R2C3,Bi-207-8779,35.264,-2.517,False
upper,107,R1C2,Cd-109-9178,34.152,3.686,True
upper,107,R1C3,Bi-207-8890,34.137,0.68,False
upper,107,R2C1,Bi-207-9176,35.467,5.756,False
upper,107,R2C2,Bi-207-9177,35.124,2.233,False
upper,107,R2C3,Bi-207-8779,35.269,-1.515,False
upper,108,R1C2,Cd-109-9178,34.157,4.687,False
upper,108,R1C3,Bi-207-8890,34.142,1.682,True
upper,108,R2C1,Bi-207-9176,35.472,6.757,False
upper,108,R2C2,Bi-207-9177,35.129,3.235,False
upper,108,R2C3,Bi-207-8779,35.274,-0.514,False
upper,109,R1C2,Cd-109-9178,34.161,5.689,False
upper,109,R1C3,Bi-207-8890,34.147,2.684,True
upper,109,R2C1,Bi-207-9176,35.477,7.759,False
upper,109,R2C2,Bi-207-9177,35.133,4.236,False
upper,109,R2C3,Bi-207-8779,35.279,0.488,False
upper,110,R1C2,Cd-109-9178,34.166,6.691,False
upper,110,R1C3,Bi-207-8890,34.152,3.686,True
upper,110,R2C1,Bi-207-9176,35.481,8.761,False
upper,110,R2C2,Bi-207-9177,35.138,5.238,False
upper,110,R2C3,Bi-207-8779,35.283,1.49,False
upper,111,R1C2,Cd-109-9178,34.171,7.693,False
upper,111,R1C3,Bi-207-8890,34.157,4.687,False
upper,111,R2C1,Bi-207-9176,35.486,9.763,False
upper,111,R2C2,Bi-207-9177,35.143,6.24,False
upper,111,R2C3,Bi-207-8779,35.288,2.492,False
upper,112,R1C2,Cd-109-9178,34.176,8.695,False
upper,112,R1C3,Bi-207-8890,34.161,5.689,False
upper,112,R2C1,Bi-207-9176,35.491,10.764,False
upper,112,R2C2,Bi-207-9177,35.148,7.242,False
upper,112,R2C3,Bi-207-8779,35.293,3.493,False
upper,113,R1C2,Cd-109-9178,34.466,1.198,False
upper,113,R1C3,Bi-207-8890,34.452,-1.807,False
upper,113,R2C1,Bi-207-9176,35.781,3.268,False
upper,113,R2C2,Bi-207-9177,35.438,-0.255,False
upper,113,R2C3,Bi-207-8779,35.583,-4.003,False
upper,114,R1C2,Cd-109-9178,34.471,2.2,True
upper,114,R1C3,Bi-207-8890,34.457,-0.806,False
upper,114,R2C1,Bi-207-9176,35.786,4.27,False
upper,114,R2C2,Bi-207-9177,35.443,0.747,False
upper,114,R2C3,Bi-207-8779,35.588,-3.002,False
upper,115,R1C2,Cd-109-9178,34.476,3.201,True
upper,115,R1C3,Bi-207-8890,34.461,0.196,False
upper,115,R2C1,Bi-207-9176,35.791,5.271,False
upper,115,R2C2,Bi-207-9177,35.448,1.749,False
upper,115,R2C3,Bi-207-8779,35.593,-2.0,False
upper,116,R1C2,Cd-109-9178,34.481,4.203,False
upper,116,R1C3,Bi-207-8890,34.466,1.198,False
upper,116,R2C1,Bi-207-9176,35.796,6.273,False
upper,116,R2C2,Bi-207-9177,35.453,2.75,False
upper,116,R2C3,Bi-207-8779,35.598,-0.998,False
upper,117,R1C2,Cd-109-9178,34.485,5.205,False
upper,117,R1C3,Bi-207-8890,34.471,2.2,True
upper,117,R2C1,Bi-207-9176,35.801,7.275,False
upper,117,R2C2,Bi-207-9177,35.457,3.752,False
upper,117,R2C3,Bi-207-8779,35.603,0.004,False
upper,118,R1C2,Cd-109-9178,34.49,6.207,False
upper,118,R1C3,Bi-207-8890,34.476,3.201,True
upper,118,R2C1,Bi-207-9176,35.805,8.277,False
upper,118,R2C2,Bi-207-9177,35.462,4.754,False
upper,118,R2C3,Bi-207-8779,35.607,1.006,False
upper,119,R1C2,Cd-109-9178,34.495,7.208,False
upper,119,R1C3,Bi-207-8890,34.481,4.203,False
upper,119,R2C1,Bi-207-9176,35.81,9.278,False
upper,119,R2C2,Bi-207-9177,35.467,5.756,False
upper,119,R2C3,Bi-207-8779,35.612,2.007,False
upper,120,R1C2,Cd-109-9178,34.5,8.21,False
upper,120,R1C3,Bi-207-8890,34.485,5.205,False
upper,120,R2C1,Bi-207-9176,35.815,10.28,False
upper,120,R2C2,Bi-207-9177,35.472,6.757,False
upper,120,R2C3,Bi-207-8779,35.617,3.009,False
upper,121,R1C2,Cd-109-9178,34.795,1.715,True
upper,121,R1C3,Bi-207-8890,34.781,-1.29,False
upper,121,R2C1,Bi-207-9176,36.11,3.785,False
upper,121,R2C2,Bi-207-9177,35.767,0.263,False
upper,121,R2C3,Bi-207-8779,35.912,-3.486,False
upper,122,R1C2,Cd-109-9178,34.8,2.717,True
upper,122,R1C3,Bi-207-8890,34.785,-0.288,False
upper,122,R2C1,Bi-207-9176,36.115,4.787,False
upper,122,R2C2,Bi-207-9177,35.772,1.264,False
upper,122,R2C3,Bi-207-8779,35.917,-2.484,False
upper,123,R1C2,Cd-109-9178,34.805,3.719,True
upper,123,R1C3,Bi-207-8890,34.79,0.714,False
upper,123,R2C1,Bi-207-9176,36.12,5.789,False
upper,123,R2C2,Bi-207-9177,35.777,2.266,False
upper,123,R2C3,Bi-207-8779,35.922,-1.482,False
upper,124,R1C2,Cd-109-9178,34.809,4.721,False
upper,124,R1C3,Bi-207-8890,34.795,1.715,True
upper,124,R2C1,Bi-207-9176,36.125,6.791,False
upper,124,R2C2,Bi-207-9177,35.781,3.268,False
upper,124,R2C3,Bi-207-8779,35.926,-0.481,False
upper,125,R1C2,Cd-109-9178,34.814,5.722,False
upper,125,R1C3,Bi-207-8890,34.8,2.717,True
upper,125,R2C1,Bi-207-9176,36.129,7.792,False
upper,125,R2C2,Bi-207-9177,35.786,4.27,False
upper,125,R2C3,Bi-207-8779,35.931,0.521,False
upper,126,R1C2,Cd-109-9178,34.819,6.724,False
upper,126,R1C3,Bi-207-8890,34.805,3.719,True
upper,126,R2C1,Bi-207-9176,36.134,8.794,False
upper,126,R2C2,Bi-207-9177,35.791,5.271,False
upper,126,R2C3,Bi-207-8779,35.936,1.523,False
upper,127,R1C2,Cd-109-9178,34.824,7.726,False
upper,127,R1C3,Bi-207-8890,34.809,4.721,False
upper,127,R2C1,Bi-207-9176,36.139,9.796,False
upper,127,R2C2,Bi-207-9177,35.796,6.273,False
upper,127,R2C3,Bi-207-8779,35.941,2.525,False
lower,1001,R1C2,Cd-109-9178,34.662,0.418,False
lower,1001,R1C3,Bi-207-8890,34.575,-3.367,False
lower,1001,R2C1,Bi-207-9176,35.699,3.712,False
lower,1001,R2C2,Bi-207-9177,35.583,-1.334,False
lower,1001,R2C3,Bi-207-8779,35.804,-5.702,False
lower,1002,R1C2,Cd-109-9178,34.691,1.68,True
lower,1002,R1C3,Bi-207-8890,34.604,-2.105,False
lower,1002,R2C1,Bi-207-9176,35.728,4.974,False
lower,1002,R2C2,Bi-207-9177,35.612,-0.072,False
lower,1002,R2C3,Bi-207-8779,35.833,-4.441,False
lower,1003,R1C2,Cd-109-9178,34.72,2.941,True
lower,1003,R1C3,Bi-207-8890,34.633,-0.843,False
lower,1003,R2C1,Bi-207-9176,35.757,6.235,False
lower,1003,R2C2,Bi-207-9177,35.641,1.189,False
lower,1003,R2C3,Bi-207-8779,35.862,-3.179,False
lower,1004,R1C2,Cd-109-9178,34.749,4.203,False
lower,1004,R1C3,Bi-207-8890,34.662,0.418,False
lower,1004,R2C1,Bi-207-9176,35.786,7.497,False
lower,1004,R2C2,Bi-207-9177,35.67,2.451,False
lower,1004,R2C3,Bi-207-8779,35.891,-1.918,False
lower,1005,R1C2,Cd-109-9178,34.778,5.464,False
lower,1005,R1C3,Bi-207-8890,34.691,1.68,True
lower,1005,R2C1,Bi-207-9176,35.815,8.759,False
lower,1005,R2C2,Bi-207-9177,35.699,3.712,False
lower,1005,R2C3,Bi-207-8779,35.919,-0.656,False
lower,1006,R1C2,Cd-109-9178,34.807,6.726,False
lower,1006,R1C3,Bi-207-8890,34.72,2.941,True
lower,1006,R2C1,Bi-207-9176,35.844,10.02,False
lower,1006,R2C2,Bi-207-9177,35.728,4.974,False
lower,1006,R2C3,Bi-207-8779,35.948,0.605,False
lower,1007,R1C2,Cd-109-9178,34.836,7.987,False
lower,1007,R1C3,Bi-207-8890,34.749,4.203,False
lower,1007,R2C1,Bi-207-9176,35.873,11.282,False
lower,1007,R2C2,Bi-207-9177,35.757,6.235,False
lower,1007,R2C3,Bi-207-8779,35.977,1.867,False
lower,1008,R1C2,Cd-109-9178,34.326,-0.259,False
lower,1008,R1C3,Bi-207-8890,34.239,-4.044,False
lower,1008,R2C1,Bi-207-9176,35.363,3.035,False
lower,1008,R2C2,Bi-207-9177,35.247,-2.011,False
lower,1008,R2C3,Bi-207-8779,35.468,-6.38,False
lower,1009,R1C2,Cd-109-9178,34.355,1.002,False
lower,1009,R1C3,Bi-207-8890,34.268,-2.783,False
lower,1009,R2C1,Bi-207-9176,35.392,4.296,False
lower,1009,R2C2,Bi-207-9177,35.276,-0.75,False
lower,1009,R2C3,Bi-207-8779,35.496,-5.119,False
lower,1010,R1C2,Cd-109-9178,34.384,2.264,True
lower,1010,R1C3,Bi-207-8890,34.297,-1.521,False
lower,1010,R2C1,Bi-207-9176,35.421,5.558,False
lower,1010,R2C2,Bi-207-9177,35.305,0.512,False
lower,1010,R2C3,Bi-207-8779,35.525,-3.857,False
lower,1011,R1C2,Cd-109-9178,34.413,3.525,True
lower,1011,R1C3,Bi-207-8890,34.326,-0.259,False
lower,1011,R2C1,Bi-207-9176,35.45,6.819,False
lower,1011,R2C2,Bi-207-9177,35.334,1.773,False
lower,1011,R2C3,Bi-207-8779,35.554,-2.595,False
lower,1012,R1C2,Cd-109-9178,34.442,4.787,False
lower,1012,R1C3,Bi-207-8890,34.355,1.002,False
lower,1012,R2C1,Bi-207-9176,35.479,8.081,False
lower,1012,R2C2,Bi-207-9177,35.363,3.035,False
lower,1012,R2C3,Bi-207-8779,35.583,-1.334,False
lower,1013,R1C2,Cd-109-9178,34.471,6.048,False
lower,1013,R1C3,Bi-207-8890,34.384,2.264,True
lower,1013,R2C1,Bi-207-9176,35.508,9.343,False
lower,1013,R2C2,Bi-207-9177,35.392,4.296,False
lower,1013,R2C3,Bi-207-8779,35.612,-0.072,False
lower,1014,R1C2,Cd-109-9178,34.5,7.31,False
lower,1014,R1C3,Bi-207-8890,34.413,3.525,True
lower,1014,R2C1,Bi-207-9176,35.537,10.604,False
lower,1014,R2C2,Bi-207-9177,35.421,5.558,False
lower,1014,R2C3,Bi-207-8779,35.641,1.189,False
lower,1015,R1C2,Cd-109-9178,34.529,8.571,False
lower,1015,R1C3,Bi-207-8890,34.442,4.787,False
lower,1015,R2C1,Bi-207-9176,35.566,11.866,False
lower,1015,R2C2,Bi-207-9177,35.45,6.819,False
lower,1015,R2C3,Bi-207-8779,35.67,2.451,False
lower,1016,R1C2,Cd-109-9178,33.99,-0.937,False
lower,1016,R1C3,Bi-207-8890,33.903,-4.722,False
lower,1016,R2C1,Bi-207-9176,35.027,2.357,True
lower,1016,R2C2,Bi-207-9177,34.911,-2.689,False
lower,1016,R2C3,Bi-207-8779,35.131,-7.058,False
lower,1017,R1C2,Cd-109-9178,34.019,0.325,False
lower,1017,R1C3,Bi-207-8890,33.932,-3.46,False
lower,1017,R2C1,Bi-207-9176,35.056,3.619,True
lower,1017,R2C2,Bi-207-9177,34.94,-1.427,False
lower,1017,R2C3,Bi-207-8779,35.16,-5.796,False
lower,1018,R1C2,Cd-109-9178,34.048,1.586,False
lower,1018,R1C3,Bi-207-8890,33.961,-2.199,False
lower,1018,R2C1,Bi-207-9176,35.085,4.88,False
lower,1018,R2C2,Bi-207-9177,34.969,-0.166,False
lower,1018,R2C3,Bi-207-8779,35.189,-4.535,False
lower,1019,R1C2,Cd-109-9178,34.077,2.848,True
lower,1019,R1C3,Bi-207-8890,33.99,-0.937,False
lower,1019,R2C1,Bi-207-9176,35.114,6.142,False
lower,1019,R2C2,Bi-207-9177,34.998,1.096,False
lower,1019,R2C3,Bi-207-8779,35.218,-3.273,False
lower,1020,R1C2,Cd-109-9178,34.106,4.109,False
lower,1020,R1C3,Bi-207-8890,34.019,0.325,False
lower,1020,R2C1,Bi-207-9176,35.143,7.403,False
lower,1020,R2C2,Bi-207-9177,35.027,2.357,True
lower,1020,R2C3,Bi-207-8779,35.247,-2.011,False
lower,1021,R1C2,Cd-109-9178,34.135,5.371,False
lower,1021,R1C3,Bi-207-8890,34.048,1.586,False
lower,1021,R2C1,Bi-207-9176,35.172,8.665,False
lower,1021,R2C2,Bi-207-9177,35.056,3.619,True
lower,1021,R2C3,Bi-207-8779,35.276,-0.75,False
lower,1022,R1C2,Cd-109-9178,34.164,6.632,False
lower,1022,R1C3,Bi-207-8890,34.077,2.848,True
lower,1022,R2C1,Bi-207-9176,35.201,9.926,False
lower,1022,R2C2,Bi-207-9177,35.085,4.88,False
lower,1022,R2C3,Bi-207-8779,35.305,0.512,False
lower,1023,R1C2,Cd-109-9178,34.193,7.894,False
lower,1023,R1C3,Bi-207-8890,34.106,4.109,False
lower,1023,R2C1,Bi-207-9176,35.23,11.188,False
lower,1023,R2C2,Bi-207-9177,35.114,6.142,False
lower,1023,R2C3,Bi-207-8779,35.334,1.773,False
lower,1024,R1C2,Cd-109-9178,34.222,9.155,False
lower,1024,R1C3,Bi-207-8890,34.135,5.371,False
lower,1024,R2C1,Bi-207-9176,35.259,12.45,False
lower,1024,R2C2,Bi-207-9177,35.143,7.403,False
lower,1024,R2C3,Bi-207-8779,35.363,3.035,False
lower,1025,R1C2,Cd-109-9178,33.654,-1.615,False
lower,1025,R1C3,Bi-207-8890,33.567,-5.399,False
lower,1025,R2C1,Bi-207-9176,34.691,1.68,True
lower,1025,R2C2,Bi-207-9177,34.575,-3.367,False
lower,1025,R2C3,Bi-207-8779,34.795,-7.735,False
lower,1026,R1C2,Cd-109-9178,33.683,-0.353,False
lower,1026,R1C3,Bi-207-8890,33.596,-4.138,False
lower,1026,R2C1,Bi-207-9176,34.72,2.941,True
lower,1026,R2C2,Bi-207-9177,34.604,-2.105,False
lower,1026,R2C3,Bi-207-8779,34.824,-6.474,False
lower,1027,R1C2,Cd-109-9178,33.712,0.909,False
lower,1027,R1C3,Bi-207-8890,33.625,-2.876,False
lower,1027,R2C1,Bi-207-9176,34.749,4.203,False
lower,1027,R2C2,Bi-207-9177,34.633,-0.843,False
lower,1027,R2C3,Bi-207-8779,34.853,-5.212,False
lower,1028,R1C2,Cd-109-9178,33.741,2.17,True
lower,1028,R1C3,Bi-207-8890,33.654,-1.615,False
lower,1028,R2C1,Bi-207-9176,34.778,5.464,False
lower,1028,R2C2,Bi-207-9177,34.662,0.418,False
lower,1028,R2C3,Bi-207-8779,34.882,-3.951,False
lower,1029,R1C2,Cd-109-9178,33.77,3.432,True
lower,1029,R1C3,Bi-207-8890,33.683,-0.353,False
lower,1029,R2C1,Bi-207-9176,34.807,6.726,False
lower,1029,R2C2,Bi-207-9177,34.691,1.68,True
lower,1029,R2C3,Bi-207-8779,34.911,-2.689,False
lower,1030,R1C2,Cd-109-9178,33.799,4.693,False
lower,1030,R1C3,Bi-207-8890,33.712,0.909,False
lower,1030,R2C1,Bi-207-9176,34.836,7.987,False
lower,1030,R2C2,Bi-207-9177,34.72,2.941,True
lower,1030,R2C3,Bi-207-8779,34.94,-1.427,False
lower,1031,R1C2,Cd-109-9178,33.827,5.955,False
lower,1031,R1C3,Bi-207-8890,33.741,2.17,True
lower,1031,R2C1,Bi-207-9176,34.865,9.249,False
lower,1031,R2C2,Bi-207-9177,34.749,4.203,False
lower,1031,R2C3,Bi-207-8779,34.969,-0.166,False
lower,1032,R1C2,Cd-109-9178,33.856,7.216,False
lower,1032,R1C3,Bi-207-8890,33.77,3.432,True
lower,1032,R2C1,Bi-207-9176,34.894,10.51,False
lower,1032,R2C2,Bi-207-9177,34.778,5.464,False
lower,1032,R2C3,Bi-207-8779,34.998,1.096,False
lower,1033,R1C2,Cd-109-9178,33.885,8.478,False
lower,1033,R1C3,Bi-207-8890,33.799,4.693,False
lower,1033,R2C1,Bi-207-9176,34.923,11.772,False
lower,1033,R2C2,Bi-207-9177,34.807,6.726,False
lower,1033,R2C3,Bi-207-8779,35.027,2.357,True
lower,1034,R1C2,Cd-109-9178,33.914,9.739,False
lower,1034,R1C3,Bi-207-8890,33.827,5.955,False
lower,1034,R2C1,Bi-207-9176,34.952,13.034,False
lower,1034,R2C2,Bi-207-9177,34.836,7.987,False
lower,1034,R2C3,Bi-207-8779,35.056,3.619,True
lower,1035,R1C2,Cd-109-9178,33.318,-2.292,False
lower,1035,R1C3,Bi-207-8890,33.231,-6.077,False
lower,1035,R2C1,Bi-207-9176,34.355,1.002,False
lower,1035,R2C2,Bi-207-9177,34.239,-4.044,False
lower,1035,R2C3,Bi-207-8779,34.459,-8.413,False
lower,1036,R1C2,Cd-109-9178,33.347,-1.031,False
lower,1036,R1C3,Bi-207-8890,33.26,-4.815,False
lower,1036,R2C1,Bi-207-9176,34.384,2.264,True
lower,1036,R2C2,Bi-207-9177,34.268,-2.783,False
lower,1036,R2C3,Bi-207-8779,34.488,-7.151,False
lower,1037,R1C2,Cd-109-9178,33.376,0.231,False
lower,1037,R1C3,Bi-207-8890,33.289,-3.554,False
lower,1037,R2C1,Bi-207-9176,34.413,3.525,True
lower,1037,R2C2,Bi-207-9177,34.297,-1.521,False
lower,1037,R2C3,Bi-207-8779,34.517,-5.89,False
lower,1038,R1C2,Cd-109-9178,33.404,1.493,False
lower,1038,R1C3,Bi-207-8890,33.318,-2.292,False
lower,1038,R2C1,Bi-207-9176,34.442,4.787,False
lower,1038,R2C2,Bi-207-9177,34.326,-0.259,False
lower,1038,R2C3,Bi-207-8779,34.546,-4.628,False
lower,1039,R1C2,Cd-109-9178,33.433,2.754,True
lower,1039,R1C3,Bi-207-8890,33.347,-1.031,False
lower,1039,R2C1,Bi-207-9176,34.471,6.048,False
lower,1039,R2C2,Bi-207-9177,34.355,1.002,False
lower,1039,R2C3,Bi-207-8779,34.575,-3.367,False
lower,1040,R1C2,Cd-109-9178,33.462,4.016,False
lower,1040,R1C3,Bi-207-8890,33.376,0.231,False
lower,1040,R2C1,Bi-207-9176,34.5,7.31,False
lower,1040,R2C2,Bi-207-9177,34.384,2.264,True
lower,1040,R2C3,Bi-207-8779,34.604,-2.105,False
lower,1041,R1C2,Cd-109-9178,33.491,5.277,False
lower,1041,R1C3,Bi-207-8890,33.404,1.493,False
lower,1041,R2C1,Bi-207-9176,34.529,8.571,False
lower,1041,R2C2,Bi-207-9177,34.413,3.525,True
lower,1041,R2C3,Bi-207-8779,34.633,-0.843,False
lower,1042,R1C2,Cd-109-9178,33.52,6.539,False
lower,1042,R1C3,Bi-207-8890,33.433,2.754,True
lower,1042,R2C1,Bi-207-9176,34.558,9.833,False
lower,1042,R2C2,Bi-207-9177,34.442,4.787,False
lower,1042,R2C3,Bi-207-8779,34.662,0.418,False
lower,1043,R1C2,Cd-109-9178,33.549,7.8,False
lower,1043,R1C3,Bi-207-8890,33.462,4.016,False
lower,1043,R2C1,Bi-207-9176,34.587,11.094,False
lower,1043,R2C2,Bi-207-9177,34.471,6.048,False
lower,1043,R2C3,Bi-207-8779,34.691,1.68,True
lower,1044,R1C2,Cd-109-9178,33.578,9.062,False
lower,1044,R1C3,Bi-207-8890,33.491,5.277,False
lower,1044,R2C1,Bi-207-9176,34.616,12.356,False
lower,1044,R2C2,Bi-207-9177,34.5,7.31,False
lower,1044,R2C3,Bi-207-8779,34.72,2.941,True
lower,1045,R1C2,Cd-109-9178,33.607,10.323,False
lower,1045,R1C3,Bi-207-8890,33.52,6.539,False
lower,1045,R2C1,Bi-207-9176,34.645,13.618,False
lower,1045,R2C2,Bi-207-9177,34.529,8.571,False
lower,1045,R2C3,Bi-207-8779,34.749,4.203,False
lower,1046,R1C2,Cd-109-9178,32.981,-2.97,False
lower,1046,R1C3,Bi-207-8890,32.895,-6.754,False
lower,1046,R2C1,Bi-207-9176,34.019,0.325,False
lower,1046,R2C2,Bi-207-9177,33.903,-4.722,False
lower,1046,R2C3,Bi-207-8779,34.123,-9.09,False
lower,1047,R1C2,Cd-109-9178,33.01,-1.708,False
lower,1047,R1C3,Bi-207-8890,32.924,-5.493,False
lower,1047,R2C1,Bi-207-9176,34.048,1.586,False
lower,1047,R2C2,Bi-207-9177,33.932,-3.46,False
lower,1047,R2C3,Bi-207-8779,34.152,-7.829,False
lower,1048,R1C2,Cd-109-9178,33.039,-0.447,False
lower,1048,R1C3,Bi-207-8890,32.953,-4.231,False
lower,1048,R2C1,Bi-207-9176,34.077,2.848,True
lower,1048,R2C2,Bi-207-9177,33.961,-2.199,False
lower,1048,R2C3,Bi-207-8779,34.181,-6.567,False
lower,1049,R1C2,Cd-109-9178,33.068,0.815,False
lower,1049,R1C3,Bi-207-8890,32.981,-2.97,False
lower,1049,R2C1,Bi-207-9176,34.106,4.109,False
lower,1049,R2C2,Bi-207-9177,33.99,-0.937,False
lower,1049,R2C3,Bi-207-8779,34.21,-5.306,False
lower,1050,R1C2,Cd-109-9178,33.097,2.076,True
lower,1050,R1C3,Bi-207-8890,33.01,-1.708,False
lower,1050,R2C1,Bi-207-9176,34.135,5.371,False
lower,1050,R2C2,Bi-207-9177,34.019,0.325,False
lower,1050,R2C3,Bi-207-8779,34.239,-4.044,False
lower,1051,R1C2,Cd-109-9178,33.126,3.338,True
lower,1051,R1C3,Bi-207-8890,33.039,-0.447,False
lower,1051,R2C1,Bi-207-9176,34.164,6.632,False
lower,1051,R2C2,Bi-207-9177,34.048,1.586,False
lower,1051,R2C3,Bi-207-8779,34.268,-2.783,False
lower,1052,R1C2,Cd-109-9178,33.155,4.6,False
lower,1052,R1C3,Bi-207-8890,33.068,0.815,False
lower,1052,R2C1,Bi-207-9176,34.193,7.894,False
lower,1052,R2C2,Bi-207-9177,34.077,2.848,True
lower,1052,R2C3,Bi-207-8779,34.297,-1.521,False
lower,1053,R1C2,Cd-109-9178,33.184,5.861,False
lower,1053,R1C3,Bi-207-8890,33.097,2.076,True
lower,1053,R2C1,Bi-207-9176,34.222,9.155,False
lower,1053,R2C2,Bi-207-9177,34.106,4.109,False
lower,1053,R2C3,Bi-207-8779,34.326,-0.259,False
lower,1054,R1C2,Cd-109-9178,33.213,7.123,False
lower,1054,R1C3,Bi-207-8890,33.126,3.338,True
lower,1054,R2C1,Bi-207-9176,34.25,10.417,False
lower,1054,R2C2,Bi-207-9177,34.135,5.371,False
lower,1054,R2C3,Bi-207-8779,34.355,1.002,False
lower,1055,R1C2,Cd-109-9178,33.242,8.384,False
lower,1055,R1C3,Bi-207-8890,33.155,4.6,False
lower,1055,R2C1,Bi-207-9176,34.279,11.678,False
lower,1055,R2C2,Bi-207-9177,34.164,6.632,False
lower,1055,R2C3,Bi-207-8779,34.384,2.264,True
lower,1056,R1C2,Cd-109-9178,33.271,9.646,False
lower,1056,R1C3,Bi-207-8890,33.184,5.861,False
lower,1056,R2C1,Bi-207-9176,34.308,12.94,False
lower,1056,R2C2,Bi-207-9177,34.193,7.894,False
lower,1056,R2C3,Bi-207-8779,34.413,3.525,True
lower,1057,R1C2,Cd-109-9178,33.3,10.907,False
lower,1057,R1C3,Bi-207-8890,33.213,7.123,False
lower,1057,R2C1,Bi-207-9176,34.337,14.202,False
lower,1057,R2C2,Bi-207-9177,34.222,9.155,False
lower,1057,R2C3,Bi-207-8779,34.442,4.787,False
lower,1058,R1C2,Cd-109-9178,32.645,-3.647,False
lower,1058,R1C3,Bi-207-8890,32.558,-7.432,False
lower,1058,R2C1,Bi-207-9176,33.683,-0.353,False
lower,1058,R2C2,Bi-207-9177,33.567,-5.399,False
lower,1058,R2C3,Bi-207-8779,33.787,-9.768,False
lower,1059,R1C2,Cd-109-9178,32.674,-2.386,False
lower,1059,R1C3,Bi-207-8890,32.587,-6.17,False
lower,1059,R2C1,Bi-207-9176,33.712,0.909,False
lower,1059,R2C2,Bi-207-9177,33.596,-4.138,False
lower,1059,R2C3,Bi-207-8779,33.816,-8.506,False
lower,1060,R1C2,Cd-109-9178,32.703,-1.124,False
lower,1060,R1C3,Bi-207-8890,32.616,-4.909,False
lower,1060,R2C1,Bi-207-9176,33.741,2.17,True
lower,1060,R2C2,Bi-207-9177,33.625,-2.876,False
lower,1060,R2C3,Bi-207-8779,33.845,-7.245,False
lower,1061,R1C2,Cd-109-9178,32.732,0.137,False
lower,1061,R1C3,Bi-207-8890,32.645,-3.647,False
lower,1061,R2C1,Bi-207-9176,33.77,3.432,True
lower,1061,R2C2,Bi-207-9177,33.654,-1.615,False
lower,1061,R2C3,Bi-207-8779,33.874,-5.983,False
lower,1062,R1C2,Cd-109-9178,32.761,1.399,False
lower,1062,R1C3,Bi-207-8890,32.674,-2.386,False
lower,1062,R2C1,Bi-207-9176,33.799,4.693,False
lower,1062,R2C2,Bi-207-9177,33.683,-0.353,False
lower,1062,R2C3,Bi-207-8779,33.903,-4.722,False
lower,1063,R1C2,Cd-109-9178,32.79,2.66,True
lower,1063,R1C3,Bi-207-8890,32.703,-1.124,False
lower,1063,R2C1,Bi-207-9176,33.827,5.955,False
lower,1063,R2C2,Bi-207-9177,33.712,0.909,False
lower,1063,R2C3,Bi-207-8779,33.932,-3.46,False
lower,1064,R1C2,Cd-109-9178,32.819,3.922,False
lower,1064,R1C3,Bi-207-8890,32.732,0.137,False
lower,1064,R2C1,Bi-207-9176,33.856,7.216,False
lower,1064,R2C2,Bi-207-9177,33.741,2.17,True
lower,1064,R2C3,Bi-207-8779,33.961,-2.199,False
lower,1065,R1C2,Cd-109-9178,32.848,5.184,False
lower,1065,R1C3,Bi-207-8890,32.761,1.399,False
lower,1065,R2C1,Bi-207-9176,33.885,8.478,False
lower,1065,R2C2,Bi-207-9177,33.77,3.432,True
lower,1065,R2C3,Bi-207-8779,33.99,-0.937,False
lower,1066,R1C2,Cd-109-9178,32.877,6.445,False
lower,1066,R1C3,Bi-207-8890,32.79,2.66,True
lower,1066,R2C1,Bi-207-9176,33.914,9.739,False
lower,1066,R2C2,Bi-207-9177,33.799,4.693,False
lower,1066,R2C3,Bi-207-8779,34.019,0.325,False
lower,1067,R1C2,Cd-109-9178,32.906,7.707,False
lower,1067,R1C3,Bi-207-8890,32.819,3.922,False
lower,1067,R2C1,Bi-207-9176,33.943,11.001,False
lower,1067,R2C2,Bi-207-9177,33.827,5.955,False
lower,1067,R2C3,Bi-207-8779,34.048,1.586,False
lower,1068,R1C2,Cd-109-9178,32.935,8.968,False
lower,1068,R1C3,Bi-207-8890,32.848,5.184,False
lower,1068,R2C1,Bi-207-9176,33.972,12.262,False
lower,1068,R2C2,Bi-207-9177,33.856,7.216,False
lower,1068,R2C3,Bi-207-8779,34.077,2.848,True
lower,1069,R1C2,Cd-109-9178,32.964,10.23,False
lower,1069,R1C3,Bi-207-8890,32.877,6.445,False
lower,1069,R2C1,Bi-207-9176,34.001,13.524,False
lower,1069,R2C2,Bi-207-9177,33.885,8.478,False
lower,1069,R2C3,Bi-207-8779,34.106,4.109,False
lower,1070,R1C2,Cd-109-9178,32.993,11.491,False
lower,1070,R1C3,Bi-207-8890,32.906,7.707,False
lower,1070,R2C1,Bi-207-9176,34.03,14.786,False
lower,1070,R2C2,Bi-207-9177,33.914,9.739,False
lower,1070,R2C3,Bi-207-8779,34.135,5.371,False
lower,1071,R1C2,Cd-109-9178,32.338,-3.063,False
lower,1071,R1C3,Bi-207-8890,32.251,-6.848,False
lower,1071,R2C1,Bi-207-9176,33.376,0.231,False
lower,1071,R2C2,Bi-207-9177,33.26,-4.815,False
lower,1071,R2C3,Bi-207-8779,33.48,-9.184,False
lower,1072,R1C2,Cd-109-9178,32.367,-1.802,False
lower,1072,R1C3,Bi-207-8890,32.28,-5.586,False
lower,1072,R2C1,Bi-207-9176,33.404,1.493,False
lower,1072,R2C2,Bi-207-9177,33.289,-3.554,False
lower,1072,R2C3,Bi-207-8779,33.509,-7.922,False
lower,1073,R1C2,Cd-109-9178,32.396,-0.54,False
lower,1073,R1C3,Bi-207-8890,32.309,-4.325,False
lower,1073,R2C1,Bi-207-9176,33.433,2.754,True
lower,1073,R2C2,Bi-207-9177,33.318,-2.292,False
lower,1073,R2C3,Bi-207-8779,33.538,-6.661,False
lower,1074,R1C2,Cd-109-9178,32.425,0.721,False
lower,1074,R1C3,Bi-207-8890,32.338,-3.063,False
lower,1074,R2C1,Bi-207-9176,33.462,4.016,False
lower,1074,R2C2,Bi-207-9177,33.347,-1.031,False
lower,1074,R2C3,Bi-207-8779,33.567,-5.399,False
lower,1075,R1C2,Cd-109-9178,32.454,1.983,True
lower,1075,R1C3,Bi-207-8890,32.367,-1.802,False
lower,1075,R2C1,Bi-207-9176,33.491,5.277,False
lower,1075,R2C2,Bi-207-9177,33.376,0.231,False
lower,1075,R2C3,Bi-207-8779,33.596,-4.138,False
lower,1076,R1C2,Cd-109-9178,32.483,3.244,True
lower,1076,R1C3,Bi-207-8890,32.396,-0.54,False
lower,1076,R2C1,Bi-207-9176,33.52,6.539,False
lower,1076,R2C2,Bi-207-9177,33.404,1.493,False
lower,1076,R2C3,Bi-207-8779,33.625,-2.876,False
lower,1077,R1C2,Cd-109-9178,32.512,4.506,False
lower,1077,R1C3,Bi-207-8890,32.425,0.721,False
lower,1077,R2C1,Bi-207-9176,33.549,7.8,False
lower,1077,R2C2,Bi-207-9177,33.433,2.754,True
lower,1077,R2C3,Bi-207-8779,33.654,-1.615,False
lower,1078,R1C2,Cd-109-9178,32.541,5.768,False
lower,1078,R1C3,Bi-207-8890,32.454,1.983,True
lower,1078,R2C1,Bi-207-9176,33.578,9.062,False
lower,1078,R2C2,Bi-207-9177,33.462,4.016,False
lower,1078,R2C3,Bi-207-8779,33.683,-0.353,False
lower,1079,R1C2,Cd-109-9178,32.57,7.029,False
lower,1079,R1C3,Bi-207-8890,32.483,3.244,True
lower,1079,R2C1,Bi-207-9176,33.607,10.323,False
lower,1079,R2C2,Bi-207-9177,33.491,5.277,False
lower,1079,R2C3,Bi-207-8779,33.712,0.909,False
lower,1080,R1C2,Cd-109-9178,32.599,8.291,False
lower,1080,R1C3,Bi-207-8890,32.512,4.506,False
lower,1080,R2C1,Bi-207-9176,33.636,11.585,False
lower,1080,R2C2,Bi-207-9177,33.52,6.539,False
lower,1080,R2C3,Bi-207-8779,33.741,2.17,True
lower,1081,R1C2,Cd-109-9178,32.628,9.552,False
lower,1081,R1C3,Bi-207-8890,32.541,5.768,False
lower,1081,R2C1,Bi-207-9176,33.665,12.846,False
lower,1081,R2C2,Bi-207-9177,33.549,7.8,False
lower,1081,R2C3,Bi-207-8779,33.77,3.432,True
lower,1082,R1C2,Cd-109-9178,32.657,10.814,False
lower,1082,R1C3,Bi-207-8890,32.57,7.029,False
lower,1082,R2C1,Bi-207-9176,33.694,14.108,False
lower,1082,R2C2,Bi-207-9177,33.578,9.062,False
lower,1082,R2C3,Bi-207-8779,33.799,4.693,False
lower,1083,R1C2,Cd-109-9178,32.031,-2.479,False
lower,1083,R1C3,Bi-207-8890,31.944,-6.264,False
lower,1083,R2C1,Bi-207-9176,33.068,0.815,False
lower,1083,R2C2,Bi-207-9177,32.953,-4.231,False
lower,1083,R2C3,Bi-207-8779,33.173,-8.6,False
lower,1084,R1C2,Cd-109-9178,32.06,-1.218,False
lower,1084,R1C3,Bi-207-8890,31.973,-5.002,False
lower,1084,R2C1,Bi-207-9176,33.097,2.076,True
lower,1084,R2C2,Bi-207-9177,32.981,-2.97,False
lower,1084,R2C3,Bi-207-8779,33.202,-7.338,False
lower,1085,R1C2,Cd-109-9178,32.089,0.044,False
lower,1085,R1C3,Bi-207-8890,32.002,-3.741,False
lower,1085,R2C1,Bi-207-9176,33.126,3.338,True
lower,1085,R2C2,Bi-207-9177,33.01,-1.708,False
lower,1085,R2C3,Bi-207-8779,33.231,-6.077,False
lower,1086,R1C2,Cd-109-9178,32.118,1.305,False
lower,1086,R1C3,Bi-207-8890,32.031,-2.479,False
lower,1086,R2C1,Bi-207-9176,33.155,4.6,False
lower,1086,R2C2,Bi-207-9177,33.039,-0.447,False
lower,1086,R2C3,Bi-207-8779,33.26,-4.815,False
lower,1087,R1C2,Cd-109-9178,32.147,2.567,True
lower,1087,R1C3,Bi-207-8890,32.06,-1.218,False
lower,1087,R2C1,Bi-207-9176,33.184,5.861,False
lower,1087,R2C2,Bi-207-9177,33.068,0.815,False
lower,1087,R2C3,Bi-207-8779,33.289,-3.554,False
lower,1088,R1C2,Cd-109-9178,32.176,3.828,False
lower,1088,R1C3,Bi-207-8890,32.089,0.044,False
lower,1088,R2C1,Bi-207-9176,33.213,7.123,False
lower,1088,R2C2,Bi-207-9177,33.097,2.076,True
lower,1088,R2C3,Bi-207-8779,33.318,-2.292,False
lower,1089,R1C2,Cd-109-9178,32.205,5.09,False
lower,1089,R1C3,Bi-207-8890,32.118,1.305,False
lower,1089,R2C1,Bi-207-9176,33.242,8.384,False
lower,1089,R2C2,Bi-207-9177,33.126,3.338,True
lower,1089,R2C3,Bi-207-8779,33.347,-1.031,False
lower,1090,R1C2,Cd-109-9178,32.234,6.352,False
lower,1090,R1C3,Bi-207-8890,32.147,2.567,True
lower,1090,R2C1,Bi-207-9176,33.271,9.646,False
lower,1090,R2C2,Bi-207-9177,33.155,4.6,False
lower,1090,R2C3,Bi-207-8779,33.376,0.231,False
lower,1091,R1C2,Cd-109-9178,32.263,7.613,False
lower,1091,R1C3,Bi-207-8890,32.176,3.828,False
lower,1091,R2C1,Bi-207-9176,33.3,10.907,False
lower,1091,R2C2,Bi-207-9177,33.184,5.861,False
lower,1091,R2C3,Bi-207-8779,33.404,1.493,False
lower,1092,R1C2,Cd-109-9178,32.292,8.875,False
lower,1092,R1C3,Bi-207-8890,32.205,5.09,False
lower,1092,R2C1,Bi-207-9176,33.329,12.169,False
lower,1092,R2C2,Bi-207-9177,33.213,7.123,False
lower,1092,R2C3,Bi-207-8779,33.433,2.754,True
lower,1093,R1C2,Cd-109-9178,32.321,10.136,False
lower,1093,R1C3,Bi-207-8890,32.234,6.352,False
lower,1093,R2C1,Bi-207-9176,33.358,13.43,False
lower,1093,R2C2,Bi-207-9177,33.242,8.384,False
lower,1093,R2C3,Bi-207-8779,33.462,4.016,False
lower,1094,R1C2,Cd-109-9178,31.724,-1.895,False
lower,1094,R1C3,Bi-207-8890,31.637,-5.68,False
lower,1094,R2C1,Bi-207-9176,32.761,1.399,False
lower,1094,R2C2,Bi-207-9177,32.645,-3.647,False
lower,1094,R2C3,Bi-207-8779,32.866,-8.016,False
lower,1095,R1C2,Cd-109-9178,31.753,-0.634,False
lower,1095,R1C3,Bi-207-8890,31.666,-4.418,False
lower,1095,R2C1,Bi-207-9176,32.79,2.66,True
lower,1095,R2C2,Bi-207-9177,32.674,-2.386,False
lower,1095,R2C3,Bi-207-8779,32.895,-6.754,False
lower,1096,R1C2,Cd-109-9178,31.782,0.628,False
lower,1096,R1C3,Bi-207-8890,31.695,-3.157,False
lower,1096,R2C1,Bi-207-9176,32.819,3.922,False
lower,1096,R2C2,Bi-207-9177,32.703,-1.124,False
lower,1096,R2C3,Bi-207-8779,32.924,-5.493,False
lower,1097,R1C2,Cd-109-9178,31.811,1.889,False
lower,1097,R1C3,Bi-207-8890,31.724,-1.895,False
lower,1097,R2C1,Bi-207-9176,32.848,5.184,False
lower,1097,R2C2,Bi-207-9177,32.732,0.137,False
lower,1097,R2C3,Bi-207-8779,32.953,-4.231,False
lower,1098,R1C2,Cd-109-9178,31.84,3.151,False
lower,1098,R1C3,Bi-207-8890,31.753,-0.634,False
lower,1098,R2C1,Bi-207-9176,32.877,6.445,False
lower,1098,R2C2,Bi-207-9177,32.761,1.399,False
lower,1098,R2C3,Bi-207-8779,32.981,-2.97,False
lower,1099,R1C2,Cd-109-9178,31.869,4.412,False
lower,1099,R1C3,Bi-207-8890,31.782,0.628,False
lower,1099,R2C1,Bi-207-9176,32.906,7.707,False
lower,1099,R2C2,Bi-207-9177,32.79,2.66,True
lower,1099,R2C3,Bi-207-8779,33.01,-1.708,False
lower,1100,R1C2,Cd-109-9178,31.898,5.674,False
lower,1100,R1C3,Bi-207-8890,31.811,1.889,False
lower,1100,R2C1,Bi-207-9176,32.935,8.968,False
lower,1100,R2C2,Bi-207-9177,32.819,3.922,False
lower,1100,R2C3,Bi-207-8779,33.039,-0.447,False
lower,1101,R1C2,Cd-109-9178,31.927,6.936,False
lower,1101,R1C3,Bi-207-8890,31.84,3.151,False
lower,1101,R2C1,Bi-207-9176,32.964,10.23,False
lower,1101,R2C2,Bi-207-9177,32.848,5.184,False
lower,1101,R2C3,Bi-207-8779,33.068,0.815,False
lower,1102,R1C2,Cd-109-9178,31.956,8.197,False
lower,1102,R1C3,Bi-207-8890,31.869,4.412,False
lower,1102,R2C1,Bi-207-9176,32.993,11.491,False
lower,1102,R2C2,Bi-207-9177,32.877,6.445,False
lower,1102,R2C3,Bi-207-8779,33.097,2.076,True
lower,1103,R1C2,Cd-109-9178,31.985,9.459,False
lower,1103,R1C3,Bi-207-8890,31.898,5.674,False
lower,1103,R2C1,Bi-207-9176,33.022,12.753,False
lower,1103,R2C2,Bi-207-9177,32.906,7.707,False
lower,1103,R2C3,Bi-207-8779,33.126,3.338,True
lower,1104,R1C2,Cd-109-9178,31.417,-1.311,False
lower,1104,R1C3,Bi-207-8890,31.33,-5.096,False
lower,1104,R2C1,Bi-207-9176,32.454,1.983,True
lower,1104,R2C2,Bi-207-9177,32.338,-3.063,False
lower,1104,R2C3,Bi-207-8779,32.558,-7.432,False
lower,1105,R1C2,Cd-109-9178,31.446,-0.05,False
lower,1105,R1C3,Bi-207-8890,31.359,-3.834,False
lower,1105,R2C1,Bi-207-9176,32.483,3.244,True
lower,1105,R2C2,Bi-207-9177,32.367,-1.802,False
lower,1105,R2C3,Bi-207-8779,32.587,-6.17,False
lower,1106,R1C2,Cd-109-9178,31.475,1.212,False
lower,1106,R1C3,Bi-207-8890,31.388,-2.573,False
lower,1106,R2C1,Bi-207-9176,32.512,4.506,False
lower,1106,R2C2,Bi-207-9177,32.396,-0.54,False
lower,1106,R2C3,Bi-207-8779,32.616,-4.909,False
lower,1107,R1C2,Cd-109-9178,31.504,2.473,False
lower,1107,R1C3,Bi-207-8890,31.417,-1.311,False
lower,1107,R2C1,Bi-207-9176,32.541,5.768,False
lower,1107,R2C2,Bi-207-9177,32.425,0.721,False
lower,1107,R2C3,Bi-207-8779,32.645,-3.647,False
lower,1108,R1C2,Cd-109-9178,31.533,3.735,False
lower,1108,R1C3,Bi-207-8890,31.446,-0.05,False
lower,1108,R2C1,Bi-207-9176,32.57,7.029,False
lower,1108,R2C2,Bi-207-9177,32.454,1.983,True
lower,1108,R2C3,Bi-207-8779,32.674,-2.386,False
lower,1109,R1C2,Cd-109-9178,31.562,4.996,False
lower,1109,R1C3,Bi-207-8890,31.475,1.212,False
lower,1109,R2C1,Bi-207-9176,32.599,8.291,False
lower,1109,R2C2,Bi-207-9177,32.483,3.244,True
lower,1109,R2C3,Bi-207-8779,32.703,-1.124,False
lower,1110,R1C2,Cd-109-9178,31.591,6.258,False
lower,1110,R1C3,Bi-207-8890,31.504,2.473,False
lower,1110,R2C1,Bi-207-9176,32.628,9.552,False
lower,1110,R2C2,Bi-207-9177,32.512,4.506,False
lower,1110,R2C3,Bi-207-8779,32.732,0.137,False
lower,1111,R1C2,Cd-109-9178,31.62,7.52,False
lower,1111,R1C3,Bi-207-8890,31.533,3.735,False
lower,1111,R2C1,Bi-207-9176,32.657,10.814,False
lower,1111,R2C2,Bi-207-9177,32.541,5.768,False
lower,1111,R2C3,Bi-207-8779,32.761,1.399,False
lower,1112,R1C2,Cd-109-9178,31.649,8.781,False
lower,1112,R1C3,Bi-207-8890,31.562,4.996,False
lower,1112,R2C1,Bi-207-9176,32.686,12.075,False
lower,1112,R2C2,Bi-207-9177,32.57,7.029,False
lower,1112,R2C3,Bi-207-8779,32.79,2.66,True
lower,1113,R1C2,Cd-109-9178,31.11,-0.727,False
lower,1113,R1C3,Bi-207-8890,31.023,-4.512,False
lower,1113,R2C1,Bi-207-9176,32.147,2.567,True
lower,1113,R2C2,Bi-207-9177,32.031,-2.479,False
lower,1113,R2C3,Bi-207-8779,32.251,-6.848,False
lower,1114,R1C2,Cd-109-9178,31.139,0.534,False
lower,1114,R1C3,Bi-207-8890,31.052,-3.25,False
lower,1114,R2C1,Bi-207-9176,32.176,3.828,False
lower,1114,R2C2,Bi-207-9177,32.06,-1.218,False
lower,1114,R2C3,Bi-207-8779,32.28,-5.586,False
lower,1115,R1C2,Cd-109-9178,31.168,1.796,False
lower,1115,R1C3,Bi-207-8890,31.081,-1.989,False
lower,1115,R2C1,Bi-207-9176,32.205,5.09,False
lower,1115,R2C2,Bi-207-9177,32.089,0.044,False
lower,1115,R2C3,Bi-207-8779,32.309,-4.325,False
lower,1116,R1C2,Cd-109-9178,31.197,3.057,False
lower,1116,R1C3,Bi-207-8890,31.11,-0.727,False
lower,1116,R2C1,Bi-207-9176,32.234,6.352,False
lower,1116,R2C2,Bi-207-9177,32.118,1.305,False
lower,1116,R2C3,Bi-207-8779,32.338,-3.063,False
lower,1117,R1C2,Cd-109-9178,31.226,4.319,False
lower,1117,R1C3,Bi-207-8890,31.139,0.534,False
lower,1117,R2C1,Bi-207-9176,32.263,7.613,False
lower,1117,R2C2,Bi-207-9177,32.147,2.567,True
lower,1117,R2C3,Bi-207-8779,32.367,-1.802,False
lower,1118,R1C2,Cd-109-9178,31.255,5.58,False
lower,1118,R1C3,Bi-207-8890,31.168,1.796,False
lower,1118,R2C1,Bi-207-9176,32.292,8.875,False
lower,1118,R2C2,Bi-207-9177,32.176,3.828,False
lower,1118,R2C3,Bi-207-8779,32.396,-0.54,False
lower,1119,R1C2,Cd-109-9178,31.284,6.842,False
lower,1119,R1C3,Bi-207-8890,31.197,3.057,False
lower,1119,R2C1,Bi-207-9176,32.321,10.136,False
lower,1119,R2C2,Bi-207-9177,32.205,5.09,False
lower,1119,R2C3,Bi-207-8779,32.425,0.721,False
lower,1120,R1C2,Cd-109-9178,31.312,8.104,False
lower,1120,R1C3,Bi-207-8890,31.226,4.319,False
lower,1120,R2C1,Bi-207-9176,32.35,11.398,False
lower,1120,R2C2,Bi-207-9177,32.234,6.352,False
lower,1120,R2C3,Bi-207-8779,32.454,1.983,True
lower,1121,R1C2,Cd-109-9178,30.803,-0.143,False
lower,1121,R1C3,Bi-207-8890,30.716,-3.928,False
lower,1121,R2C1,Bi-207-9176,31.84,3.151,False
lower,1121,R2C2,Bi-207-9177,31.724,-1.895,False
lower,1121,R2C3,Bi-207-8779,31.944,-6.264,False
lower,1122,R1C2,Cd-109-9178,30.832,1.118,False
lower,1122,R1C3,Bi-207-8890,30.745,-2.666,False
lower,1122,R2C1,Bi-207-9176,31.869,4.412,False
lower,1122,R2C2,Bi-207-9177,31.753,-0.634,False
lower,1122,R2C3,Bi-207-8779,31.973,-5.002,False
lower,1123,R1C2,Cd-109-9178,30.861,2.38,False
lower,1123,R1C3,Bi-207-8890,30.774,-1.405,False
lower,1123,R2C1,Bi-207-9176,31.898,5.674,False
lower,1123,R2C2,Bi-207-9177,31.782,0.628,False
lower,1123,R2C3,Bi-207-8779,32.002,-3.741,False
lower,1124,R1C2,Cd-109-9178,30.889,3.641,False
lower,1124,R1C3,Bi-207-8890,30.803,-0.143,False
lower,1124,R2C1,Bi-207-9176,31.927,6.936,False
lower,1124,R2C2,Bi-207-9177,31.811,1.889,False
lower,1124,R2C3,Bi-207-8779,32.031,-2.479,False
lower,1125,R1C2,Cd-109-9178,30.918,4.903,False
lower,1125,R1C3,Bi-207-8890,30.832,1.118,False
lower,1125,R2C1,Bi-207-9176,31.956,8.197,False
lower,1125,R2C2,Bi-207-9177,31.84,3.151,False
lower,1125,R2C3,Bi-207-8779,32.06,-1.218,False
lower,1126,R1C2,Cd-109-9178,30.947,6.164,False
lower,1126,R1C3,Bi-207-8890,30.861,2.38,False
lower,1126,R2C1,Bi-207-9176,31.985,9.459,False
lower,1126,R2C2,Bi-207-9177,31.869,4.412,False
lower,1126,R2C3,Bi-207-8779,32.089,0.044,False
lower,1127,R1C2,Cd-109-9178,30.976,7.426,False
lower,1127,R1C3,Bi-207-8890,30.889,3.641,False
lower,1127,R2C1,Bi-207-9176,32.014,10.72,False
lower,1127,R2C2,Bi-207-9177,31.898,5.674,False
lower,1127,R2C3,Bi-207-8779,32.118,1.305,False
