run,detector,slot,source,pred_x,pred_y,peak_pixel,snap_dist,n_pixels,pixels,flag
8622,upper,R1C2,Cd-109-9178,5.09,2.93,106,0.56,5,96;97;106;107;115,
8622,upper,R1C3,Bi-207-8890,6.23,-3.09,109,1.68,6,99;100;108;109;117;118,
8622,upper,R2C1,Bi-207-9176,-0.52,6.33,60,0.64,5,48;60;61;72;73,
8622,upper,R2C2,Bi-207-9177,0.36,0.19,76,0.78,5,63;64;76;77;88,
8622,upper,R2C3,Bi-207-8779,2.42,-4.44,80,2.33,5,67;68;79;80;81,CHECK
8622,lower,R1C2,Cd-109-9178,5.26,1.87,1019,0.14,7,1010;1011;1018;1019;1020;1028;1029,
8622,lower,R1C3,Bi-207-8890,5.18,-4.57,1022,1.11,7,1013;1014;1021;1022;1023;1031;1032,
8622,lower,R2C1,Bi-207-9176,0.44,5.75,1048,0.44,5,1047;1048;1049;1060;1061,
8622,lower,R2C2,Bi-207-9177,0.43,-1.0,1052,0.35,6,1040;1041;1051;1052;1064;1065,
8622,lower,R2C3,Bi-207-8779,0.49,-7.4,1068,1.33,4,1055;1056;1067;1068,
8623,upper,R1C2,Cd-109-9178,2.06,3.76,86,0.35,7,74;75;85;86;87;96;97,
8623,upper,R1C3,Bi-207-8890,3.2,-2.27,100,0.64,6,89;90;99;100;101;110,
8623,upper,R2C1,Bi-207-9176,-3.55,7.16,48,1.7,7,36;37;47;48;49;60;61,
8623,upper,R2C2,Bi-207-9177,-2.67,1.01,51,0.45,5,40;51;52;63;64,
8623,upper,R2C3,Bi-207-8779,-0.61,-3.61,65,1.89,5,53;65;66;77;78,CHECK
8623,lower,R1C2,Cd-109-9178,-1.78,5.7,1073,0.59,6,1060;1061;1072;1073;1074;1085,
8623,lower,R1C3,Bi-207-8890,-1.87,-0.74,1077,0.4,4,1064;1065;1076;1077,
8623,lower,R2C1,Bi-207-9176,-6.6,9.58,1094,2.24,3,1084;1094;1095,CHECK
8623,lower,R2C2,Bi-207-9177,-6.62,2.83,1098,2.39,7,1087;1088;1097;1098;1099;1107;1108,CHECK
8623,lower,R2C3,Bi-207-8779,-6.55,-3.57,1101,1.51,4,1090;1091;1101;1102,
8624,upper,R1C2,Cd-109-9178,0.7,3.69,74,0.65,4,62;74;75;86,
8624,upper,R1C3,Bi-207-8890,1.84,-2.34,78,1.12,5,66;78;79;89;90,
8624,upper,R2C1,Bi-207-9176,-4.91,7.09,26,1.08,4,26;27;36;37,
8624,upper,R2C2,Bi-207-9177,-4.04,0.94,51,1.79,7,39;40;50;51;52;63;64,
8624,upper,R2C3,Bi-207-8779,-1.98,-3.68,43,2.33,6,32;33;42;43;44;55,CHECK
8624,lower,R1C2,Cd-109-9178,0.75,2.68,1050,0.08,7,1038;1039;1049;1050;1051;1062;1063,
8624,lower,R1C3,Bi-207-8890,0.67,-3.76,1054,0.58,5,1042;1043;1053;1054;1066,
8624,lower,R2C1,Bi-207-9176,-4.07,6.56,1085,1.4,5,1073;1084;1085;1095;1096,
8624,lower,R2C2,Bi-207-9177,-4.08,-0.19,1088,0.38,6,1076;1077;1088;1089;1098;1099,
8624,lower,R2C3,Bi-207-8779,-4.02,-6.59,1092,0.43,4,1080;1091;1092;1102,
8625,upper,R1C2,Cd-109-9178,-0.82,3.0,62,0.47,6,49;50;62;63;74;75,
8625,upper,R1C3,Bi-207-8890,0.32,-3.02,66,1.16,5,53;65;66;78;79,
8625,upper,R2C1,Bi-207-9176,-6.43,6.41,27,2.39,5,18;27;28;37;38,CHECK
8625,upper,R2C2,Bi-207-9177,-5.55,0.26,20,1.23,6,12;19;20;21;29;30,
8625,upper,R2C3,Bi-207-8779,-3.49,-4.36,43,0.87,5,32;42;43;54;55,
8625,lower,R1C2,Cd-109-9178,-0.73,2.11,1063,0.38,4,1050;1062;1063;1075,
8625,lower,R1C3,Bi-207-8890,-0.81,-4.32,1066,0.86,7,1053;1054;1065;1066;1067;1078;1079,
8625,lower,R2C1,Bi-207-9176,-5.55,5.99,1105,1.44,3,1095;1096;1105,
8625,lower,R2C2,Bi-207-9177,-5.56,-0.76,1108,1.41,4,1098;1099;1108;1109,
8625,lower,R2C3,Bi-207-8779,-5.5,-7.16,1102,1.13,4,1091;1101;1102;1111,
8626,upper,R1C2,Cd-109-9178,2.46,0.37,88,0.43,7,76;77;87;88;89;98;99,
8626,upper,R1C3,Bi-207-8890,3.6,-5.65,91,1.42,7,79;80;90;91;92;101;102,
8626,upper,R2C1,Bi-207-9176,-3.15,3.78,62,2.42,4,61;62;74;75,CHECK
8626,upper,R2C2,Bi-207-9177,-2.27,-2.37,54,1.96,4,42;43;54;55,CHECK
8626,upper,R2C3,Bi-207-8779,-0.21,-6.99,68,0.54,3,68;69;81,
8626,lower,R1C3,Bi-207-8890,2.24,-12.67,,,0,,CHECK
8626,lower,R2C3,Bi-207-8779,-2.44,-15.51,,,0,,CHECK
8626,lower,R1C2,Cd-109-9178,2.33,-6.23,1044,0.7,4,1033;1043;1044;1055,
8626,lower,R2C1,Bi-207-9176,-2.49,-2.35,1077,1.51,7,1064;1065;1076;1077;1078;1088;1089,
8626,lower,R2C2,Bi-207-9177,-2.51,-9.1,1092,2.51,4,1080;1091;1092;1102,CHECK
8627,upper,R1C2,Cd-109-9178,3.94,0.81,98,0.2,4,98;99;107;108,
8627,upper,R1C3,Bi-207-8890,5.08,-5.21,102,1.58,4,91;101;102;111,
8627,upper,R2C1,Bi-207-9176,-1.67,4.22,74,2.42,4,73;74;85;86,CHECK
8627,upper,R2C2,Bi-207-9177,-0.79,-1.93,77,1.87,5,65;77;78;88;89,CHECK
8627,upper,R2C3,Bi-207-8779,1.27,-6.56,79,2.28,4,66;79;80;90,CHECK
8627,lower,R1C2,Cd-109-9178,4.15,5.18,1026,0.97,4,1017;1026;1027;1037,
8627,lower,R1C3,Bi-207-8890,4.07,-1.25,1030,0.5,4,1020;1021;1029;1030,
8627,lower,R2C1,Bi-207-9176,-0.67,9.06,1047,1.9,4,1047;1048;1059;1060,CHECK
8627,lower,R2C2,Bi-207-9177,-0.68,2.31,1064,2.31,5,1051;1052;1064;1065;1077,CHECK
8627,lower,R2C3,Bi-207-8779,-0.62,-4.09,1053,2.03,4,1042;1053;1054;1066,CHECK
8628,upper,R1C2,Cd-109-9178,5.12,2.02,107,0.32,7,97;98;106;107;108;115;116,
8628,upper,R1C3,Bi-207-8890,6.26,-4.0,110,1.14,6,100;101;109;110;111;118,
8628,upper,R2C1,Bi-207-9176,-0.49,5.42,61,0.35,5,60;61;62;73;74,
8628,upper,R2C2,Bi-207-9177,0.39,-0.72,77,0.39,6,64;65;76;77;78;89,
8628,upper,R2C3,Bi-207-8779,2.45,-5.35,90,1.89,3,79;90;91,CHECK
8628,lower,R1C2,Cd-109-9178,5.26,1.63,1019,0.1,7,1010;1011;1018;1019;1020;1028;1029,
8628,lower,R1C3,Bi-207-8890,5.17,-4.81,1023,0.4,4,1014;1022;1023;1032,
8628,lower,R2C1,Bi-207-9176,0.44,5.51,1049,1.22,5,1048;1049;1050;1061;1062,
8628,lower,R2C2,Bi-207-9177,0.42,-1.24,1053,1.4,4,1041;1052;1053;1065,
8628,lower,R2C3,Bi-207-8779,0.49,-7.64,1056,0.3,4,1055;1056;1068;1069,
8629,upper,R1C2,Cd-109-9178,3.02,1.75,87,0.77,5,86;87;88;97;98,
8629,upper,R1C3,Bi-207-8890,4.16,-4.28,101,0.42,5,90;91;100;101;110,
8629,upper,R2C1,Bi-207-9176,-2.59,5.15,48,0.97,4,37;48;49;61,
8629,upper,R2C2,Bi-207-9177,-1.71,-1.0,52,0.56,7,40;41;51;52;53;64;65,
8629,upper,R2C3,Bi-207-8779,0.35,-5.62,66,2.42,5,54;66;67;78;79,CHECK
8629,lower,R1C2,Cd-109-9178,3.65,0.9,1029,0.1,7,1019;1020;1028;1029;1030;1039;1040,
8629,lower,R1C3,Bi-207-8890,3.57,-5.54,1032,1.22,5,1023;1032;1033;1042;1043,
8629,lower,R2C1,Bi-207-9176,-1.17,4.78,1074,1.17,7,1061;1062;1073;1074;1075;1085;1086,
8629,lower,R2C2,Bi-207-9177,-1.18,-1.97,1078,1.24,5,1065;1066;1077;1078;1089,
8629,lower,R2C3,Bi-207-8779,-1.12,-8.37,1081,1.27,5,1068;1069;1080;1081;1092,
8630,upper,R1C2,Cd-109-9178,0.65,2.03,75,0.58,4,63;75;76;87,
8630,upper,R1C3,Bi-207-8890,1.79,-3.99,79,1.09,7,66;67;78;79;80;90;91,
8630,upper,R2C1,Bi-207-9176,-4.96,5.43,26,0.69,5,17;26;27;36;37,
8630,upper,R2C2,Bi-207-9177,-4.08,-0.71,30,1.18,4,30;31;40;41,
8630,upper,R2C3,Bi-207-8779,-2.02,-5.34,43,1.74,4,32;42;43;54,
8630,lower,R1C2,Cd-109-9178,0.76,0.95,1051,0.08,7,1039;1040;1050;1051;1052;1063;1064,
8630,lower,R1C3,Bi-207-8890,0.67,-5.49,1054,1.16,5,1042;1043;1054;1055;1067,
8630,lower,R2C1,Bi-207-9176,-4.06,4.83,1085,0.48,5,1074;1085;1086;1095;1096,
8630,lower,R2C2,Bi-207-9177,-4.08,-1.92,1089,0.38,7,1077;1078;1088;1089;1090;1099;1100,
8630,lower,R2C3,Bi-207-8779,-4.01,-8.32,1092,1.42,5,1080;1081;1091;1092;1102,
8631,upper,R1C2,Cd-109-9178,-1.04,2.15,63,0.51,6,50;51;62;63;64;75,
8631,upper,R1C3,Bi-207-8890,0.1,-3.88,79,0.8,4,79;80;90;91,
8631,upper,R2C1,Bi-207-9176,-6.65,5.55,17,0.37,5,9;17;18;26;27,
8631,upper,R2C2,Bi-207-9177,-5.78,-0.6,21,1.5,7,12;13;20;21;22;30;31,
8631,upper,R2C3,Bi-207-8779,-3.72,-5.22,54,1.72,5,43;54;55;66;67,
8631,lower,R1C2,Cd-109-9178,-0.78,1.71,1063,0.04,7,1050;1051;1062;1063;1064;1075;1076,
8631,lower,R1C3,Bi-207-8890,-0.87,-4.73,1067,0.48,5,1054;1066;1067;1068;1079,
8631,lower,R2C1,Bi-207-9176,-5.6,5.59,1105,1.22,4,1095;1096;1105;1106,
8631,lower,R2C2,Bi-207-9177,-5.62,-1.16,1109,1.27,5,1099;1100;1108;1109;1110,
8631,lower,R2C3,Bi-207-8779,-5.55,-7.56,1092,1.91,4,1080;1091;1092;1102,CHECK
8632,upper,R1C2,Cd-109-9178,2.43,-0.02,88,0.18,4,77;88;89;99,
8632,upper,R1C3,Bi-207-8890,3.57,-6.04,92,1.59,5,80;81;91;92;102,
8632,upper,R2C1,Bi-207-9176,-3.18,3.38,62,2.43,4,61;62;74;75,CHECK
8632,upper,R2C2,Bi-207-9177,-2.3,-2.76,42,1.61,4,32;42;43;54,
8632,upper,R2C3,Bi-207-8779,-0.24,-7.39,55,2.4,5,44;55;56;67;68,CHECK
8632,lower,R2C3,Bi-207-8779,-2.21,-10.93,,,0,,CHECK
8632,lower,R1C2,Cd-109-9178,2.56,-1.66,1041,0.32,5,1030;1031;1040;1041;1042,
8632,lower,R1C3,Bi-207-8890,2.48,-8.09,1044,1.19,5,1033;1043;1044;1055;1056,
8632,lower,R2C1,Bi-207-9176,-2.26,2.22,1062,1.95,4,1049;1050;1061;1062,CHECK
8632,lower,R2C2,Bi-207-9177,-2.27,-4.53,1090,1.82,7,1078;1079;1089;1090;1091;1100;1101,CHECK
8635,upper,R1C2,Cd-109-9178,5.15,4.55,105,0.65,4,96;105;106;114,
8635,upper,R1C3,Bi-207-8890,6.28,-1.47,108,1.8,6,98;99;107;108;116;117,
8635,upper,R2C1,Bi-207-9176,-0.46,7.96,59,0.76,5,47;59;60;71;72,
8635,upper,R2C2,Bi-207-9177,0.41,1.81,75,0.86,5,62;63;75;76;87,
8635,upper,R2C3,Bi-207-8779,2.47,-2.82,79,2.29,5,66;67;78;79;80,CHECK
8635,lower,R1C2,Cd-109-9178,5.32,3.4,1018,0.1,6,1009;1010;1017;1018;1019;1027,
8635,lower,R1C3,Bi-207-8890,5.24,-3.03,1021,1.3,6,1012;1013;1020;1021;1022;1031,
8635,lower,R2C1,Bi-207-9176,0.5,7.28,1047,0.57,4,1047;1048;1059;1060,
8635,lower,R2C2,Bi-207-9177,0.49,0.53,1051,0.42,5,1039;1050;1051;1063;1064,
8635,lower,R2C3,Bi-207-8779,0.55,-5.87,1067,1.47,4,1054;1055;1066;1067,
8636,upper,R1C2,Cd-109-9178,2.98,4.99,85,0.76,4,85;86;95;96,
8636,upper,R1C3,Bi-207-8890,4.12,-1.03,99,0.41,6,88;89;98;99;100;109,
8636,upper,R2C1,Bi-207-9176,-2.63,8.4,47,0.71,4,47;48;59;60,
8636,upper,R2C2,Bi-207-9177,-1.75,2.25,50,0.61,4,39;50;51;63,
8636,upper,R2C3,Bi-207-8779,0.31,-2.38,66,1.52,4,53;54;66;67,
8636,lower,R1C2,Cd-109-9178,3.63,4.32,1027,0.12,7,1017;1018;1026;1027;1028;1037;1038,
8636,lower,R1C3,Bi-207-8890,3.54,-2.12,1031,0.52,5,1021;1030;1031;1041;1042,
8636,lower,R2C1,Bi-207-9176,-1.19,8.2,1072,1.13,4,1059;1060;1072;1073,
8636,lower,R2C2,Bi-207-9177,-1.21,1.44,1076,1.19,5,1063;1064;1075;1076;1087,
8636,lower,R2C3,Bi-207-8779,-1.14,-4.96,1079,1.27,5,1066;1067;1079;1080;1091,
8637,upper,R1C2,Cd-109-9178,0.69,5.49,73,0.58,4,61;73;74;85,
8637,upper,R1C3,Bi-207-8890,1.83,-0.54,77,1.13,5,65;77;78;88;89,
8637,upper,R2C1,Bi-207-9176,-4.92,8.89,36,2.28,7,25;26;35;36;37;47;48,CHECK
8637,upper,R2C2,Bi-207-9177,-4.04,2.74,51,2.59,4,39;40;50;51,CHECK
8637,upper,R2C3,Bi-207-8779,-1.98,-1.88,42,2.37,4,32;42;43;54,CHECK
8637,lower,R1C2,Cd-109-9178,0.75,4.42,1049,0.09,7,1037;1038;1048;1049;1050;1061;1062,
8637,lower,R1C3,Bi-207-8890,0.66,-2.01,1053,0.59,5,1041;1042;1052;1053;1065,
8637,lower,R2C1,Bi-207-9176,-4.07,8.3,1084,1.41,4,1084;1085;1094;1095,
8637,lower,R2C2,Bi-207-9177,-4.09,1.55,1087,0.38,6,1076;1086;1087;1088;1097;1098,
8637,lower,R2C3,Bi-207-8779,-4.02,-4.85,1091,0.44,4,1090;1091;1101;1102,
8643,upper,R1C2,Cd-109-9178,-0.87,5.1,61,0.15,7,48;49;60;61;62;73;74,
8643,upper,R1C3,Bi-207-8890,0.27,-0.93,77,0.48,4,77;78;88;89,
8643,upper,R2C1,Bi-207-9176,-6.48,8.5,25,1.42,5,25;26;35;36;37,
8643,upper,R2C2,Bi-207-9177,-5.6,2.35,19,1.31,7,10;11;18;19;20;28;29,
8643,upper,R2C3,Bi-207-8779,-3.54,-2.27,52,1.91,5,51;52;53;64;65,CHECK
8643,lower,R1C2,Cd-109-9178,-0.73,4.21,1062,0.75,4,1049;1061;1062;1074,
8643,lower,R1C3,Bi-207-8890,-0.82,-2.22,1065,0.5,6,1053;1064;1065;1066;1077;1078,
8643,lower,R2C1,Bi-207-9176,-5.55,8.09,1094,0.43,3,1084;1094;1095,
8643,lower,R2C2,Bi-207-9177,-5.57,1.34,1107,1.25,4,1097;1098;1107;1108,
8643,lower,R2C3,Bi-207-8779,-5.5,-5.06,1111,1.25,4,1101;1102;1110;1111,
8644,upper,R1C2,Cd-109-9178,2.27,-3.27,90,0.19,5,78;79;90;91;101,
8644,upper,R1C3,Bi-207-8890,3.41,-9.3,103,1.54,3,92;102;103,
8644,upper,R2C1,Bi-207-9176,-3.34,0.13,51,1.31,7,39;40;50;51;52;63;64,
8644,upper,R2C2,Bi-207-9177,-2.46,-6.02,43,1.53,7,32;33;42;43;44;54;55,
8644,upper,R2C3,Bi-207-8779,-0.4,-10.64,69,2.01,4,68;69;80;81,CHECK
8644,lower,R1C2,Cd-109-9178,2.67,1.57,1039,0.45,6,1028;1029;1038;1039;1040;1051,
8644,lower,R1C3,Bi-207-8890,2.58,-4.87,1043,0.47,6,1032;1033;1042;1043;1054;1055,
8644,lower,R2C1,Bi-207-9176,-2.15,5.45,1062,2.43,5,1049;1050;1061;1062;1063,CHECK
8644,lower,R2C2,Bi-207-9177,-2.16,-1.3,1066,2.58,3,1053;1065;1066,CHECK
8644,lower,R2C3,Bi-207-8779,-2.1,-7.71,1080,1.65,5,1067;1079;1080;1091;1092,
8645,upper,R2C1,Bi-207-9176,-8.91,8.37,,,0,,CHECK
8645,upper,R1C2,Cd-109-9178,-3.3,4.97,37,0.51,5,27;37;38;48;49,
8645,upper,R1C3,Bi-207-8890,-2.16,-1.05,41,1.73,6,30;31;40;41;52;53,
8645,upper,R2C2,Bi-207-9177,-8.03,2.23,10,0.43,4,10;11;18;19,
8645,upper,R2C3,Bi-207-8779,-5.97,-2.4,32,2.06,5,32;33;42;43;44,CHECK
8645,lower,R1C2,Cd-109-9178,-2.98,4.3,1074,0.73,5,1073;1074;1075;1085;1086,
8645,lower,R1C3,Bi-207-8890,-3.06,-2.13,1089,0.79,5,1077;1078;1088;1089;1090,
8645,lower,R2C1,Bi-207-9176,-7.8,8.19,1094,2.58,3,1084;1094;1095,CHECK
8645,lower,R2C2,Bi-207-9177,-7.81,1.43,1116,0.72,4,1107;1108;1115;1116,
8645,lower,R2C3,Bi-207-8779,-7.75,-4.97,1101,2.58,4,1091;1101;1102;1111,CHECK
8646,upper,R1C2,Cd-109-9178,-2.26,2.01,50,0.59,4,39;50;51;63,
8646,upper,R1C3,Bi-207-8890,-1.12,-4.01,54,1.17,5,42;43;53;54;55,
8646,upper,R2C1,Bi-207-9176,-7.87,5.41,18,2.25,5,10;18;19;27;28,CHECK
8646,upper,R2C2,Bi-207-9177,-6.99,-0.73,12,1.27,4,12;13;20;21,
8646,upper,R2C3,Bi-207-8779,-4.93,-5.36,44,1.96,3,33;34;44,CHECK
8646,lower,R1C2,Cd-109-9178,-2.24,1.06,1076,0.19,7,1063;1064;1075;1076;1077;1087;1088,
8646,lower,R1C3,Bi-207-8890,-2.32,-5.38,1079,1.05,7,1066;1067;1078;1079;1080;1090;1091,
8646,lower,R2C1,Bi-207-9176,-7.05,4.94,1105,0.4,5,1095;1096;1105;1106;1114,
8646,lower,R2C2,Bi-207-9177,-7.07,-1.81,1109,0.33,4,1108;1109;1117;1118,
8646,lower,R2C3,Bi-207-8779,-7.01,-8.21,1112,1.31,4,1101;1102;1111;1112,
8647,upper,R1C2,Cd-109-9178,-0.6,2.1,63,0.4,7,50;51;62;63;64;75;76,
8647,upper,R1C3,Bi-207-8890,0.54,-3.93,66,1.37,4,66;67;78;79,
8647,upper,R2C1,Bi-207-9176,-6.21,5.5,17,0.62,4,17;18;26;27,
8647,upper,R2C2,Bi-207-9177,-5.33,-0.65,30,0.23,7,20;21;29;30;31;40;41,
8647,upper,R2C3,Bi-207-8779,-3.27,-5.27,43,0.49,5,32;42;43;54;55,
8647,lower,R1C2,Cd-109-9178,-0.32,1.48,1063,0.5,4,1050;1051;1063;1064,
8647,lower,R1C3,Bi-207-8890,-0.41,-4.95,1054,1.31,4,1054;1055;1066;1067,
8647,lower,R2C1,Bi-207-9176,-5.14,5.36,1096,1.04,4,1085;1095;1096;1105,
8647,lower,R2C2,Bi-207-9177,-5.15,-1.39,1099,0.53,5,1088;1089;1099;1100;1109,
8647,lower,R2C3,Bi-207-8779,-5.09,-7.79,1102,1.73,4,1091;1092;1101;1102,
8648,upper,R1C2,Cd-109-9178,2.04,2.34,87,0.64,5,75;76;86;87;97,
8648,upper,R1C3,Bi-207-8890,3.17,-3.69,90,0.95,5,78;79;90;91;101,
8648,upper,R2C1,Bi-207-9176,-3.57,5.74,37,0.57,7,26;27;36;37;38;48;49,
8648,upper,R2C2,Bi-207-9177,-2.7,-0.41,40,1.13,4,40;41;51;52,
8648,upper,R2C3,Bi-207-8779,-0.64,-5.03,80,1.73,4,68;80;81;92,
8648,lower,R1C2,Cd-109-9178,2.24,1.75,1039,0.02,7,1028;1029;1038;1039;1040;1050;1051,
8648,lower,R1C3,Bi-207-8890,2.15,-4.69,1043,0.51,4,1032;1042;1043;1054,
8648,lower,R2C1,Bi-207-9176,-2.58,5.63,1085,1.24,4,1073;1074;1085;1086,
8648,lower,R2C2,Bi-207-9177,-2.6,-1.13,1077,0.43,4,1077;1078;1088;1089,
8648,lower,R2C3,Bi-207-8779,-2.53,-7.53,1092,1.36,4,1080;1081;1091;1092,
8649,upper,R1C2,Cd-109-9178,4.28,2.49,97,0.54,6,87;96;97;98;106;107,
8649,upper,R1C3,Bi-207-8890,5.42,-3.53,100,1.91,5,90;100;101;109;110,CHECK
8649,upper,R2C1,Bi-207-9176,-1.33,5.9,48,0.93,4,48;49;60;61,
8649,upper,R2C2,Bi-207-9177,-0.46,-0.25,64,0.39,5,51;52;64;65;77,
8649,upper,R2C3,Bi-207-8779,1.6,-4.87,78,2.43,3,66;78;79,CHECK
8649,lower,R1C2,Cd-109-9178,4.87,1.66,1019,0.39,5,1018;1019;1020;1028;1029,
8649,lower,R1C3,Bi-207-8890,4.78,-4.78,1032,1.13,4,1022;1023;1032;1033,
8649,lower,R2C1,Bi-207-9176,0.05,5.54,1061,0.87,6,1049;1060;1061;1062;1073;1074,
8649,lower,R2C2,Bi-207-9177,0.03,-1.21,1065,0.94,6,1052;1053;1064;1065;1077;1078,
8649,lower,R2C3,Bi-207-8779,0.1,-7.61,1068,1.09,4,1056;1068;1069;1081,
8650,upper,R1C2,Cd-109-9178,6.16,2.39,115,0.63,4,106;107;115;116,
8650,upper,R1C3,Bi-207-8890,7.29,-3.63,110,2.05,4,109;110;118;119,CHECK
8650,upper,R2C1,Bi-207-9176,0.55,5.79,73,0.34,5,61;73;74;84;85,
8650,upper,R2C2,Bi-207-9177,1.42,-0.35,77,0.85,5,76;77;78;88;89,
8650,upper,R2C3,Bi-207-8779,3.48,-4.98,90,1.95,4,90;91;100;101,CHECK
8650,lower,R1C2,Cd-109-9178,6.58,0.77,1011,0.2,6,1004;1010;1011;1012;1019;1020,
8650,lower,R1C3,Bi-207-8890,6.49,-5.67,1023,1.33,5,1014;1022;1023;1032;1033,
8650,lower,R2C1,Bi-207-9176,1.76,4.65,1049,1.06,4,1037;1038;1048;1049,
8650,lower,R2C2,Bi-207-9177,1.74,-2.1,1041,0.63,4,1040;1041;1052;1053,
8650,lower,R2C3,Bi-207-8779,1.8,-8.51,1056,1.27,4,1044;1055;1056;1068,
8651,upper,R1C2,Cd-109-9178,-0.88,1.19,51,1.41,5,50;51;52;63;64,
8651,upper,R1C3,Bi-207-8890,0.26,-4.83,79,0.7,5,67;79;80;90;91,
8651,upper,R2C1,Bi-207-9176,-6.49,4.6,28,2.35,5,18;19;28;29;39,CHECK
8651,upper,R2C2,Bi-207-9177,-5.61,-1.55,41,1.87,5,30;31;41;42;53,CHECK
8651,upper,R2C3,Bi-207-8779,-3.55,-6.17,43,1.0,6,32;33;43;44;54;55,
8651,lower,R1C2,Cd-109-9178,6.62,2.58,1010,0.13,5,1009;1010;1011;1018;1019,
8651,lower,R1C3,Bi-207-8890,6.54,-3.86,1013,1.28,5,1012;1013;1014;1021;1022,
8651,lower,R2C1,Bi-207-9176,1.8,6.46,1048,1.12,5,1036;1037;1047;1048;1060,
8651,lower,R2C2,Bi-207-9177,1.79,-0.29,1040,0.55,4,1039;1040;1051;1052,
8651,lower,R2C3,Bi-207-8779,1.85,-6.7,1055,1.27,6,1043;1044;1054;1055;1056;1067,
8652,upper,R1C2,Cd-109-9178,4.42,4.21,96,0.68,4,96;97;105;106,
8652,upper,R1C3,Bi-207-8890,5.55,-1.82,99,2.04,4,89;99;100;109,CHECK
8652,upper,R2C1,Bi-207-9176,-1.2,7.61,47,1.07,4,47;48;59;60,
8652,upper,R2C2,Bi-207-9177,-0.32,1.46,63,0.51,5,50;51;63;64;76,
8652,upper,R2C3,Bi-207-8779,1.74,-3.16,77,2.5,3,65;77;78,CHECK
8652,lower,R1C2,Cd-109-9178,5.08,3.5,1018,0.17,7,1009;1010;1017;1018;1019;1027;1028,
8652,lower,R1C3,Bi-207-8890,5.0,-2.93,1031,1.29,5,1021;1022;1030;1031;1032,
8652,lower,R2C1,Bi-207-9176,0.26,7.38,1060,1.11,7,1047;1048;1059;1060;1061;1072;1073,
8652,lower,R2C2,Bi-207-9177,0.25,0.63,1064,1.18,5,1051;1052;1063;1064;1076,
8652,lower,R2C3,Bi-207-8779,0.31,-5.77,1067,1.21,5,1055;1067;1068;1079;1080,
8653,upper,R1C2,Cd-109-9178,2.18,4.52,85,0.68,4,74;85;86;96,
8653,upper,R1C3,Bi-207-8890,3.32,-1.51,89,1.09,6,77;78;89;90;99;100,
8653,upper,R2C1,Bi-207-9176,-3.43,7.92,47,1.19,5,35;36;47;48;60,
8653,upper,R2C2,Bi-207-9177,-2.55,1.77,51,0.96,5,39;40;50;51;52,
8653,upper,R2C3,Bi-207-8779,-0.49,-2.85,54,2.29,4,42;43;54;55,CHECK
8653,lower,R1C2,Cd-109-9178,2.27,3.56,1038,0.1,7,1027;1028;1037;1038;1039;1049;1050,
8653,lower,R1C3,Bi-207-8890,2.18,-2.87,1042,0.59,4,1031;1041;1042;1053,
8653,lower,R2C1,Bi-207-9176,-2.55,7.44,1084,1.3,4,1072;1073;1084;1085,
8653,lower,R2C2,Bi-207-9177,-2.57,0.69,1076,0.36,4,1076;1077;1087;1088,
8653,lower,R2C3,Bi-207-8779,-2.51,-5.71,1091,1.35,5,1079;1080;1091;1092;1102,
8654,upper,R1C2,Cd-109-9178,-0.63,4.62,61,0.59,5,49;61;62;73;74,
8654,upper,R1C3,Bi-207-8890,0.51,-1.41,65,1.3,5,53;65;66;77;78,
8654,upper,R2C1,Bi-207-9176,-6.24,8.02,26,2.19,4,26;27;36;37,CHECK
8654,upper,R2C2,Bi-207-9177,-5.36,1.88,29,1.02,7,19;20;28;29;30;39;40,
8654,upper,R2C3,Bi-207-8779,-3.3,-2.75,43,2.49,5,32;33;42;43;44,CHECK
8654,lower,R1C2,Cd-109-9178,-0.5,3.53,1062,0.26,5,1049;1050;1061;1062;1063,
8654,lower,R1C3,Bi-207-8890,-0.58,-2.91,1053,1.37,5,1052;1053;1054;1065;1066,
8654,lower,R2C1,Bi-207-9176,-5.32,7.41,1095,1.35,3,1084;1094;1095,
8654,lower,R2C2,Bi-207-9177,-5.33,0.66,1098,0.22,6,1087;1088;1098;1099;1107;1108,
8654,lower,R2C3,Bi-207-8779,-5.27,-5.74,1102,0.32,5,1091;1101;1102;1111;1112,
8655,upper,R1C2,Cd-109-9178,-2.26,4.11,49,0.22,7,37;38;48;49;50;61;62,
8655,upper,R1C3,Bi-207-8890,-1.12,-1.91,53,1.32,7,41;42;52;53;54;65;66,
8655,upper,R2C1,Bi-207-9176,-7.87,7.51,17,2.57,4,9;17;18;27,CHECK
8655,upper,R2C2,Bi-207-9177,-6.99,1.37,11,1.35,5,10;11;12;19;20,
8655,upper,R2C3,Bi-207-8779,-4.93,-3.26,43,2.27,5,32;33;43;44;55,CHECK
8655,lower,R1C2,Cd-109-9178,-2.21,3.58,1074,0.75,4,1062;1074;1075;1086,
8655,lower,R1C3,Bi-207-8890,-2.29,-2.85,1078,0.26,7,1065;1066;1077;1078;1079;1089;1090,
8655,lower,R2C1,Bi-207-9176,-7.03,7.46,1105,2.28,3,1096;1105;1106,CHECK
8655,lower,R2C2,Bi-207-9177,-7.04,0.71,1108,0.77,4,1107;1108;1116;1117,
8655,lower,R2C3,Bi-207-8779,-6.98,-5.69,1111,0.55,5,1101;1102;1110;1111;1112,
8656,upper,R2C1,Bi-207-9176,-9.98,7.55,,,0,,CHECK
8656,upper,R1C2,Cd-109-9178,-4.37,4.15,27,0.89,4,27;28;37;38,
8656,upper,R1C3,Bi-207-8890,-3.23,-1.87,53,1.22,4,53;54;65;66,
8656,upper,R2C2,Bi-207-9177,-9.1,1.41,19,2.38,4,11;19;20;29,CHECK
8656,upper,R2C3,Bi-207-8779,-7.05,-3.22,31,1.9,5,30;31;32;41;42,CHECK
8656,lower,R2C1,Bi-207-9176,-8.68,7.38,,,0,,CHECK
8656,lower,R1C2,Cd-109-9178,-3.86,3.5,1086,0.11,7,1074;1075;1085;1086;1087;1096;1097,
8656,lower,R1C3,Bi-207-8890,-3.94,-2.94,1100,1.35,3,1089;1090;1100,
8656,lower,R2C2,Bi-207-9177,-8.69,0.63,1108,2.04,4,1098;1107;1108;1116,CHECK
8656,lower,R2C3,Bi-207-8779,-8.63,-5.77,1111,1.96,4,1101;1102;1111;1112,CHECK
8657,upper,R2C1,Bi-207-9176,-11.36,8.33,,,0,,CHECK
8657,upper,R1C2,Cd-109-9178,-5.75,4.93,17,1.03,4,17;18;26;27,
8657,upper,R1C3,Bi-207-8890,-4.61,-1.1,30,0.68,4,21;30;31;41,
8657,upper,R2C2,Bi-207-9177,-10.49,2.18,11,2.59,4,4;11;12;20,CHECK
8657,upper,R2C3,Bi-207-8779,-8.43,-2.44,22,1.96,3,22;23;32,CHECK
8657,lower,R2C1,Bi-207-9176,-10.01,8.15,,,0,,CHECK
8657,lower,R2C3,Bi-207-8779,-9.96,-5.0,,,0,,CHECK
8657,lower,R1C2,Cd-109-9178,-5.19,4.27,1096,0.08,7,1085;1086;1095;1096;1097;1105;1106,
8657,lower,R1C3,Bi-207-8890,-5.28,-2.16,1100,0.44,5,1089;1099;1100;1109;1110,
8657,lower,R2C2,Bi-207-9177,-10.03,1.4,1116,1.86,4,1107;1108;1116;1117,CHECK
8658,upper,R1C2,Cd-109-9178,-3.37,3.09,38,0.53,5,28;38;39;49;50,
8658,upper,R1C3,Bi-207-8890,-2.23,-2.93,42,1.61,5,32;42;43;53;54,
8658,upper,R2C1,Bi-207-9176,-8.98,6.5,17,2.58,4,9;17;18;27,CHECK
8658,upper,R2C2,Bi-207-9177,-8.1,0.35,11,0.54,4,11;12;19;20,
8658,upper,R2C3,Bi-207-8779,-6.04,-4.28,33,1.95,3,33;34;44,CHECK
8658,lower,R1C2,Cd-109-9178,-3.23,2.29,1087,0.76,4,1075;1076;1086;1087,
8658,lower,R1C3,Bi-207-8890,-3.31,-4.15,1090,0.81,5,1078;1079;1089;1090;1091,
8658,lower,R2C1,Bi-207-9176,-8.05,6.17,1105,1.62,6,1085;1095;1096;1097;1105;1106,
8658,lower,R2C2,Bi-207-9177,-8.06,-0.58,1117,0.34,4,1108;1109;1116;1117,
8658,lower,R2C3,Bi-207-8779,-8.0,-6.98,1111,2.18,4,1101;1102;1111;1112,CHECK
8659,upper,R1C2,Cd-109-9178,3.96,0.69,98,0.28,4,98;99;107;108,
8659,upper,R1C3,Bi-207-8890,5.1,-5.34,102,1.53,4,91;101;102;111,
8659,upper,R2C1,Bi-207-9176,-1.65,4.09,74,2.41,4,73;74;85;86,CHECK
8659,upper,R2C2,Bi-207-9177,-0.77,-2.05,77,1.93,4,77;78;88;89,CHECK
8659,upper,R2C3,Bi-207-8779,1.29,-6.68,67,2.52,4,54;55;66;67,CHECK
8659,lower,R1C2,Cd-109-9178,4.15,5.32,1026,0.84,4,1017;1026;1027;1037,
8659,lower,R1C3,Bi-207-8890,4.07,-1.11,1030,0.4,4,1020;1021;1029;1030,
8659,lower,R2C1,Bi-207-9176,-0.67,9.2,1047,2.0,3,1047;1048;1060,CHECK
8659,lower,R2C2,Bi-207-9177,-0.68,2.45,1064,2.45,5,1051;1052;1064;1065;1077,CHECK
8659,lower,R2C3,Bi-207-8779,-0.62,-3.95,1079,1.67,4,1079;1080;1090;1091,
8681,upper,R1C2,Cd-109-9178,5.14,2.94,106,0.54,4,97;106;107;115,
8681,upper,R1C3,Bi-207-8890,6.28,-3.09,109,1.7,6,99;100;108;109;117;118,
8681,upper,R2C1,Bi-207-9176,-0.47,6.34,60,0.65,5,59;60;61;72;73,
8681,upper,R2C2,Bi-207-9177,0.41,0.19,76,0.75,5,63;64;76;77;88,
8681,upper,R2C3,Bi-207-8779,2.47,-4.43,80,2.37,5,67;68;79;80;81,CHECK
8681,lower,R1C2,Cd-109-9178,5.35,1.93,1019,0.23,5,1010;1011;1018;1019;1028,
8681,lower,R1C3,Bi-207-8890,5.26,-4.5,1022,1.04,7,1013;1014;1021;1022;1023;1031;1032,
8681,lower,R2C1,Bi-207-9176,0.53,5.82,1048,0.33,5,1047;1048;1049;1060;1061,
8681,lower,R2C2,Bi-207-9177,0.52,-0.94,1052,0.24,5,1040;1051;1052;1064;1065,
8681,lower,R2C3,Bi-207-8779,0.58,-7.34,1055,1.29,4,1055;1056;1067;1068,
8682,upper,R1C2,Cd-109-9178,2.05,3.76,86,0.35,7,74;75;85;86;87;96;97,
8682,upper,R1C3,Bi-207-8890,3.19,-2.27,100,0.65,5,89;90;100;101;110,
8682,upper,R2C1,Bi-207-9176,-3.56,7.16,48,1.71,7,36;37;47;48;49;60;61,
8682,upper,R2C2,Bi-207-9177,-2.68,1.01,51,0.45,5,40;51;52;63;64,
8682,upper,R2C3,Bi-207-8779,-0.62,-3.61,67,1.59,4,54;55;67;68,
8682,lower,R1C2,Cd-109-9178,-1.77,5.76,1073,0.57,6,1060;1061;1072;1073;1074;1085,
8682,lower,R1C3,Bi-207-8890,-1.86,-0.68,1077,0.44,4,1064;1065;1076;1077,
8682,lower,R2C1,Bi-207-9176,-6.59,9.64,1094,2.28,3,1084;1094;1095,CHECK
8682,lower,R2C2,Bi-207-9177,-6.61,2.89,1098,2.44,4,1087;1088;1097;1098,CHECK
8682,lower,R2C3,Bi-207-8779,-6.54,-3.51,1101,1.53,4,1090;1091;1101;1102,
8683,upper,R1C2,Cd-109-9178,0.67,3.68,74,0.65,4,62;74;75;86,
8683,upper,R1C3,Bi-207-8890,1.81,-2.34,78,1.09,5,66;78;79;89;90,
8683,upper,R2C1,Bi-207-9176,-4.94,7.08,26,1.07,5,25;26;27;36;37,
8683,upper,R2C2,Bi-207-9177,-4.06,0.94,51,1.81,7,39;40;50;51;52;63;64,CHECK
8683,upper,R2C3,Bi-207-8779,-2.0,-3.69,43,2.31,6,32;33;42;43;44;55,CHECK
8683,lower,R1C2,Cd-109-9178,0.74,2.71,1050,0.11,7,1038;1039;1049;1050;1051;1062;1063,
8683,lower,R1C3,Bi-207-8890,0.66,-3.73,1054,0.61,5,1042;1043;1053;1054;1066,
8683,lower,R2C1,Bi-207-9176,-4.07,6.59,1085,1.43,5,1073;1084;1085;1095;1096,
8683,lower,R2C2,Bi-207-9177,-4.09,-0.16,1088,0.38,6,1076;1077;1088;1089;1098;1099,
8683,lower,R2C3,Bi-207-8779,-4.03,-6.57,1092,0.46,4,1080;1091;1092;1102,
8684,upper,R1C2,Cd-109-9178,-0.81,3.15,62,0.32,6,49;50;62;63;74;75,
8684,upper,R1C3,Bi-207-8890,0.33,-2.88,53,2.59,4,52;53;65;66,CHECK
8684,upper,R2C1,Bi-207-9176,-6.42,6.55,27,2.51,5,18;27;28;37;38,CHECK
8684,upper,R2C2,Bi-207-9177,-5.54,0.4,20,1.27,7,11;12;19;20;21;29;30,
8684,upper,R2C3,Bi-207-8779,-3.48,-4.22,43,1.01,5,32;42;43;54;55,
8684,lower,R1C2,Cd-109-9178,-0.73,2.41,1063,0.68,4,1050;1062;1063;1075,
8684,lower,R1C3,Bi-207-8890,-0.81,-4.03,1066,0.57,7,1053;1054;1065;1066;1067;1078;1079,
8684,lower,R2C1,Bi-207-9176,-5.55,6.29,1105,1.63,3,1095;1096;1105,
8684,lower,R2C2,Bi-207-9177,-5.56,-0.46,1108,1.28,4,1098;1099;1108;1109,
8684,lower,R2C3,Bi-207-8779,-5.5,-6.87,1102,0.84,5,1091;1101;1102;1111;1112,
8685,upper,R1C2,Cd-109-9178,2.49,0.36,88,0.44,7,76;77;87;88;89;98;99,
8685,upper,R1C3,Bi-207-8890,3.63,-5.66,91,1.46,7,79;80;90;91;92;101;102,
8685,upper,R2C1,Bi-207-9176,-3.12,3.76,62,2.39,4,61;62;74;75,CHECK
8685,upper,R2C2,Bi-207-9177,-2.24,-2.38,54,1.95,4,42;43;54;55,CHECK
8685,upper,R2C3,Bi-207-8779,-0.18,-7.01,68,0.58,3,68;69;81,
8685,lower,R1C3,Bi-207-8890,2.32,-12.75,,,0,,CHECK
8685,lower,R2C3,Bi-207-8779,-2.37,-15.58,,,0,,CHECK
8685,lower,R1C2,Cd-109-9178,2.4,-6.31,1044,0.64,4,1033;1043;1044;1055,
8685,lower,R2C1,Bi-207-9176,-2.42,-2.43,1079,1.91,4,1079;1080;1090;1091,CHECK
8685,lower,R2C2,Bi-207-9177,-2.43,-9.18,1069,1.76,4,1056;1068;1069;1081,
8686,upper,R1C2,Cd-109-9178,4.05,0.62,98,0.38,4,98;99;107;108,
8686,upper,R1C3,Bi-207-8890,5.19,-5.4,102,1.58,4,91;101;102;111,
8686,upper,R2C1,Bi-207-9176,-1.56,4.03,74,2.33,4,73;74;85;86,CHECK
8686,upper,R2C2,Bi-207-9177,-0.68,-2.12,77,1.9,4,77;78;88;89,CHECK
8686,upper,R2C3,Bi-207-8779,1.38,-6.75,79,2.5,5,66;67;79;80;90,CHECK
8686,lower,R1C2,Cd-109-9178,4.24,5.3,1026,0.9,4,1017;1026;1027;1037,
8686,lower,R1C3,Bi-207-8890,4.16,-1.13,1030,0.49,4,1020;1021;1029;1030,
8686,lower,R2C1,Bi-207-9176,-0.58,9.18,1047,1.92,3,1047;1048;1060,CHECK
8686,lower,R2C2,Bi-207-9177,-0.59,2.43,1064,2.44,5,1051;1052;1064;1065;1077,CHECK
8686,lower,R2C3,Bi-207-8779,-0.53,-3.97,1079,1.76,4,1079;1080;1090;1091,
8687,upper,R1C2,Cd-109-9178,5.16,2.01,107,0.29,7,97;98;106;107;108;115;116,
8687,upper,R1C3,Bi-207-8890,6.3,-4.02,110,1.19,7,100;101;109;110;111;118;119,
8687,upper,R2C1,Bi-207-9176,-0.45,5.41,61,0.37,5,60;61;62;73;74,
8687,upper,R2C2,Bi-207-9177,0.43,-0.74,77,0.34,5,64;65;77;78;89,
8687,upper,R2C3,Bi-207-8779,2.49,-5.36,90,1.91,3,79;90;91,CHECK
8687,lower,R1C2,Cd-109-9178,5.29,1.62,1019,0.12,7,1010;1011;1018;1019;1020;1028;1029,
8687,lower,R1C3,Bi-207-8890,5.21,-4.82,1023,0.38,4,1014;1022;1023;1032,
8687,lower,R2C1,Bi-207-9176,0.47,5.5,1049,1.2,4,1048;1049;1061;1062,
8687,lower,R2C2,Bi-207-9177,0.46,-1.25,1053,1.38,4,1041;1052;1053;1065,
8687,lower,R2C3,Bi-207-8779,0.52,-7.65,1056,0.27,4,1055;1056;1068;1069,
8688,upper,R1C2,Cd-109-9178,3.1,1.72,87,0.85,5,86;87;88;97;98,
8688,upper,R1C3,Bi-207-8890,4.24,-4.31,101,0.49,5,90;91;100;101;110,
8688,upper,R2C1,Bi-207-9176,-2.51,5.12,48,0.98,4,37;48;49;61,
8688,upper,R2C2,Bi-207-9177,-1.63,-1.03,52,0.64,7,40;41;51;52;53;64;65,
8688,upper,R2C3,Bi-207-8779,0.43,-5.65,66,2.48,5,54;66;67;78;79,CHECK
8688,lower,R1C2,Cd-109-9178,3.66,0.9,1029,0.1,7,1019;1020;1028;1029;1030;1039;1040,
8688,lower,R1C3,Bi-207-8890,3.57,-5.53,1032,1.22,5,1023;1032;1033;1042;1043,
8688,lower,R2C1,Bi-207-9176,-1.16,4.78,1074,1.18,6,1061;1062;1073;1074;1075;1085,
8688,lower,R2C2,Bi-207-9177,-1.18,-1.97,1078,1.24,5,1065;1066;1077;1078;1089,
8688,lower,R2C3,Bi-207-8779,-1.12,-8.37,1081,1.27,4,1068;1069;1080;1081,
8689,upper,R1C2,Cd-109-9178,0.64,1.96,75,0.65,4,63;75;76;87,
8689,upper,R1C3,Bi-207-8890,1.78,-4.06,79,1.06,7,66;67;78;79;80;90;91,
8689,upper,R2C1,Bi-207-9176,-4.97,5.36,26,0.75,5,17;26;27;36;37,
8689,upper,R2C2,Bi-207-9177,-4.09,-0.78,30,1.16,4,30;31;40;41,
8689,upper,R2C3,Bi-207-8779,-2.03,-5.41,43,1.73,4,32;42;43;54,
8689,lower,R1C2,Cd-109-9178,0.75,0.96,1051,0.09,7,1039;1040;1050;1051;1052;1063;1064,
8689,lower,R1C3,Bi-207-8890,0.67,-5.48,1054,1.15,5,1042;1043;1054;1055;1067,
8689,lower,R2C1,Bi-207-9176,-4.07,4.84,1085,0.48,5,1074;1085;1086;1095;1096,
8689,lower,R2C2,Bi-207-9177,-4.08,-1.91,1089,0.38,7,1077;1078;1088;1089;1090;1099;1100,
8689,lower,R2C3,Bi-207-8779,-4.02,-8.32,1092,1.41,5,1080;1081;1091;1092;1102,
8690,upper,R1C2,Cd-109-9178,-1.04,2.15,63,0.5,6,50;51;62;63;64;75,
8690,upper,R1C3,Bi-207-8890,0.1,-3.88,66,0.95,4,66;67;78;79,
8690,upper,R2C1,Bi-207-9176,-6.65,5.55,17,0.37,4,9;17;18;27,
8690,upper,R2C2,Bi-207-9177,-5.77,-0.6,21,1.5,7,12;13;20;21;22;30;31,
8690,upper,R2C3,Bi-207-8779,-3.71,-5.22,43,0.05,4,42;43;54;55,
8690,lower,R1C2,Cd-109-9178,-0.78,1.71,1063,0.04,7,1050;1051;1062;1063;1064;1075;1076,
8690,lower,R1C3,Bi-207-8890,-0.87,-4.72,1067,0.49,6,1054;1066;1067;1068;1079;1080,
8690,lower,R2C1,Bi-207-9176,-5.6,5.59,1105,1.21,4,1095;1096;1105;1106,
8690,lower,R2C2,Bi-207-9177,-5.62,-1.16,1109,1.27,5,1099;1100;1108;1109;1110,
8690,lower,R2C3,Bi-207-8779,-5.55,-7.56,1092,1.91,3,1091;1092;1102,CHECK
8691,upper,R1C2,Cd-109-9178,2.45,-0.12,88,0.23,4,77;88;89;99,
8691,upper,R1C3,Bi-207-8890,3.59,-6.15,92,1.55,4,80;91;92;102,
8691,upper,R2C1,Bi-207-9176,-3.16,3.28,51,2.58,7,39;40;50;51;52;63;64,CHECK
8691,upper,R2C2,Bi-207-9177,-2.28,-2.86,54,1.47,4,42;43;54;55,
8691,upper,R2C3,Bi-207-8779,-0.23,-7.49,68,0.77,4,56;68;69;81,
8691,lower,R2C3,Bi-207-8779,-2.15,-10.94,,,0,,CHECK
8691,lower,R1C2,Cd-109-9178,2.62,-1.67,1041,0.37,5,1030;1031;1040;1041;1042,
8691,lower,R1C3,Bi-207-8890,2.53,-8.11,1044,1.21,5,1033;1043;1044;1055;1056,
8691,lower,R2C1,Bi-207-9176,-2.2,2.21,1062,1.92,5,1038;1049;1050;1061;1062,CHECK
8691,lower,R2C2,Bi-207-9177,-2.22,-4.54,1090,1.87,4,1079;1090;1091;1101,CHECK
8692,upper,R1C2,Cd-109-9178,5.19,4.53,105,0.67,4,96;105;106;114,
8692,upper,R1C3,Bi-207-8890,6.33,-1.49,108,1.84,6,98;99;107;108;116;117,CHECK
8692,upper,R2C1,Bi-207-9176,-0.42,7.93,59,0.8,4,59;60;71;72,
8692,upper,R2C2,Bi-207-9177,0.46,1.79,75,0.86,5,62;63;75;76;87,
8692,upper,R2C3,Bi-207-8779,2.52,-2.84,79,2.32,5,66;67;78;79;80,CHECK
8692,lower,R1C2,Cd-109-9178,5.38,3.41,1018,0.14,6,1009;1010;1017;1018;1019;1027,
8692,lower,R1C3,Bi-207-8890,5.3,-3.02,1021,1.29,5,1012;1013;1020;1021;1022,
8692,lower,R2C1,Bi-207-9176,0.56,7.29,1047,0.53,4,1047;1048;1059;1060,
8692,lower,R2C2,Bi-207-9177,0.55,0.54,1051,0.38,5,1039;1050;1051;1063;1064,
8692,lower,R2C3,Bi-207-8779,0.61,-5.86,1054,1.54,4,1054;1055;1066;1067,
8693,upper,R1C2,Cd-109-9178,3.03,4.99,85,0.81,4,85;86;95;96,
8693,upper,R1C3,Bi-207-8890,4.17,-1.03,99,0.45,5,88;89;99;100;109,
8693,upper,R2C1,Bi-207-9176,-2.58,8.39,47,0.69,4,47;48;59;60,
8693,upper,R2C2,Bi-207-9177,-1.7,2.25,50,0.65,4,39;50;51;63,
8693,upper,R2C3,Bi-207-8779,0.36,-2.38,66,1.55,4,53;54;66;67,
8693,lower,R1C2,Cd-109-9178,3.62,4.34,1027,0.13,7,1017;1018;1026;1027;1028;1037;1038,
8693,lower,R1C3,Bi-207-8890,3.54,-2.1,1031,0.54,5,1021;1030;1031;1041;1042,
8693,lower,R2C1,Bi-207-9176,-1.2,8.22,1072,1.14,4,1059;1060;1072;1073,
8693,lower,R2C2,Bi-207-9177,-1.21,1.47,1076,1.2,4,1063;1064;1075;1076,
8693,lower,R2C3,Bi-207-8779,-1.15,-4.93,1079,1.26,5,1066;1067;1079;1080;1091,
8694,upper,R1C2,Cd-109-9178,0.69,5.47,73,0.6,4,61;73;74;85,
8694,upper,R1C3,Bi-207-8890,1.82,-0.56,77,1.12,5,65;77;78;88;89,
8694,upper,R2C1,Bi-207-9176,-4.92,8.87,36,2.27,7,25;26;35;36;37;47;48,CHECK
8694,upper,R2C2,Bi-207-9177,-4.05,2.72,51,2.58,4,39;40;50;51,CHECK
8694,upper,R2C3,Bi-207-8779,-1.99,-1.9,42,2.35,4,32;42;43;54,CHECK
8694,lower,R1C2,Cd-109-9178,0.74,4.44,1049,0.11,7,1037;1038;1048;1049;1050;1061;1062,
8694,lower,R1C3,Bi-207-8890,0.66,-1.99,1053,0.61,5,1041;1042;1052;1053;1065,
8694,lower,R2C1,Bi-207-9176,-4.07,8.32,1084,1.43,4,1084;1085;1094;1095,
8694,lower,R2C2,Bi-207-9177,-4.09,1.57,1087,0.37,6,1076;1086;1087;1088;1097;1098,
8694,lower,R2C3,Bi-207-8779,-4.03,-4.83,1091,0.46,4,1090;1091;1101;1102,
8696,upper,R1C2,Cd-109-9178,-0.87,5.11,61,0.15,7,48;49;60;61;62;73;74,
8696,upper,R1C3,Bi-207-8890,0.27,-0.92,77,0.48,3,77;78;89,
8696,upper,R2C1,Bi-207-9176,-6.48,8.51,25,1.42,5,25;26;35;36;37,
8696,upper,R2C2,Bi-207-9177,-5.6,2.36,19,1.31,7,10;11;18;19;20;28;29,
8696,upper,R2C3,Bi-207-8779,-3.54,-2.26,52,1.9,5,51;52;53;64;65,CHECK
8696,lower,R1C2,Cd-109-9178,-0.75,4.27,1062,0.8,4,1049;1061;1062;1074,
8696,lower,R1C3,Bi-207-8890,-0.83,-2.17,1065,0.44,6,1053;1064;1065;1066;1077;1078,
8696,lower,R2C1,Bi-207-9176,-5.56,8.15,1094,0.47,3,1084;1094;1095,
8696,lower,R2C2,Bi-207-9177,-5.58,1.4,1107,1.22,4,1097;1098;1107;1108,
8696,lower,R2C3,Bi-207-8779,-5.52,-5.0,1111,1.25,4,1101;1102;1110;1111,
8697,upper,R1C2,Cd-109-9178,2.28,-3.3,90,0.17,5,78;79;90;91;101,
8697,upper,R1C3,Bi-207-8890,3.42,-9.32,103,1.56,3,92;102;103,
8697,upper,R2C1,Bi-207-9176,-3.33,0.11,51,1.32,7,39;40;50;51;52;63;64,
8697,upper,R2C2,Bi-207-9177,-2.46,-6.04,43,1.55,7,32;33;42;43;44;54;55,
8697,upper,R2C3,Bi-207-8779,-0.4,-10.67,69,2.04,4,68;69;80;81,CHECK
8697,lower,R1C2,Cd-109-9178,2.68,1.52,1039,0.48,6,1028;1029;1038;1039;1040;1051,
8697,lower,R1C3,Bi-207-8890,2.59,-4.92,1043,0.44,6,1032;1033;1042;1043;1054;1055,
8697,lower,R2C1,Bi-207-9176,-2.14,5.4,1062,2.38,5,1049;1050;1061;1062;1063,CHECK
8697,lower,R2C2,Bi-207-9177,-2.16,-1.35,1066,2.54,3,1053;1065;1066,CHECK
8697,lower,R2C3,Bi-207-8779,-2.09,-7.76,1080,1.7,5,1067;1079;1080;1091;1092,
8698,upper,R2C1,Bi-207-9176,-8.88,8.37,,,0,,CHECK
8698,upper,R1C2,Cd-109-9178,-3.27,4.96,37,0.53,5,27;37;38;48;49,
8698,upper,R1C3,Bi-207-8890,-2.13,-1.06,41,1.75,6,30;31;40;41;52;53,
8698,upper,R2C2,Bi-207-9177,-8.0,2.22,10,0.45,4,10;11;18;19,
8698,upper,R2C3,Bi-207-8779,-5.94,-2.4,32,2.05,5,32;33;42;43;44,CHECK
8698,lower,R1C2,Cd-109-9178,-2.97,4.32,1074,0.72,5,1073;1074;1075;1085;1086,
8698,lower,R1C3,Bi-207-8890,-3.05,-2.12,1089,0.79,5,1077;1078;1088;1089;1090,
8698,lower,R2C1,Bi-207-9176,-7.79,8.2,1094,2.57,3,1084;1094;1095,CHECK
8698,lower,R2C2,Bi-207-9177,-7.8,1.45,1116,0.74,4,1107;1108;1115;1116,
8698,lower,R2C3,Bi-207-8779,-7.74,-4.95,1101,2.57,4,1091;1101;1102;1111,CHECK
8699,upper,R2C1,Bi-207-9176,-11.33,8.32,,,0,,CHECK
8699,upper,R1C2,Cd-109-9178,-5.72,4.91,17,1.06,4,17;18;26;27,
8699,upper,R1C3,Bi-207-8890,-4.58,-1.11,30,0.71,4,21;30;31;41,
8699,upper,R2C2,Bi-207-9177,-10.46,2.17,11,2.56,4,4;11;12;20,CHECK
8699,upper,R2C3,Bi-207-8779,-8.4,-2.46,22,1.93,3,22;23;32,CHECK
8699,lower,R2C1,Bi-207-9176,-10.02,8.16,,,0,,CHECK
8699,lower,R2C3,Bi-207-8779,-9.97,-5.0,,,0,,CHECK
8699,lower,R1C2,Cd-109-9178,-5.2,4.28,1096,0.08,7,1085;1086;1095;1096;1097;1105;1106,
8699,lower,R1C3,Bi-207-8890,-5.28,-2.16,1100,0.44,5,1089;1099;1100;1109;1110,
8699,lower,R2C2,Bi-207-9177,-10.03,1.41,1116,1.86,4,1107;1108;1116;1117,CHECK
8700,upper,R1C2,Cd-109-9178,-2.26,1.94,50,0.65,4,39;50;51;63,
8700,upper,R1C3,Bi-207-8890,-1.12,-4.08,54,1.16,5,42;43;53;54;55,
8700,upper,R2C1,Bi-207-9176,-7.87,5.35,18,2.19,5,10;18;19;27;28,CHECK
8700,upper,R2C2,Bi-207-9177,-6.99,-0.8,12,1.26,4,12;13;20;21,
8700,upper,R2C3,Bi-207-8779,-4.93,-5.43,44,1.91,4,33;34;44;45,CHECK
8700,lower,R1C2,Cd-109-9178,-2.23,1.02,1076,0.16,7,1063;1064;1075;1076;1077;1087;1088,
8700,lower,R1C3,Bi-207-8890,-2.32,-5.42,1079,1.09,6,1066;1067;1079;1080;1090;1091,
8700,lower,R2C1,Bi-207-9176,-7.05,4.9,1105,0.42,5,1095;1096;1105;1106;1114,
8700,lower,R2C2,Bi-207-9177,-7.07,-1.85,1109,0.34,4,1108;1109;1117;1118,
8700,lower,R2C3,Bi-207-8779,-7.0,-8.25,1112,1.35,4,1101;1102;1111;1112,
8704,upper,R1C2,Cd-109-9178,6.29,2.23,115,0.59,4,106;107;115;116,
8704,upper,R1C3,Bi-207-8890,7.43,-3.8,110,2.2,4,109;110;118;119,CHECK
8704,upper,R2C1,Bi-207-9176,0.68,5.63,73,0.44,5,61;73;74;84;85,
8704,upper,R2C2,Bi-207-9177,1.56,-0.51,77,0.88,5,76;77;78;88;89,
8704,upper,R2C3,Bi-207-8779,3.61,-5.14,90,2.16,4,90;91;100;101,CHECK
8704,lower,R1C2,Cd-109-9178,6.6,0.74,1011,0.2,6,1004;1010;1011;1012;1019;1020,
8704,lower,R1C3,Bi-207-8890,6.51,-5.69,1023,1.36,5,1014;1022;1023;1032;1033,
8704,lower,R2C1,Bi-207-9176,1.78,4.62,1049,1.07,5,1037;1038;1048;1049;1061,
8704,lower,R2C2,Bi-207-9177,1.76,-2.13,1041,0.63,4,1040;1041;1052;1053,
8704,lower,R2C3,Bi-207-8779,1.83,-8.53,1056,1.3,4,1044;1055;1056;1068,
8705,upper,R1C2,Cd-109-9178,-0.83,1.18,51,1.45,5,50;51;52;63;64,
8705,upper,R1C3,Bi-207-8890,0.31,-4.85,79,0.68,5,67;79;80;90;91,
8705,upper,R2C1,Bi-207-9176,-6.44,4.58,28,2.31,5,18;19;28;29;39,CHECK
8705,upper,R2C2,Bi-207-9177,-5.56,-1.57,41,1.82,4,31;41;42;53,CHECK
8705,upper,R2C3,Bi-207-8779,-3.5,-6.19,43,1.02,6,32;33;43;44;54;55,
8705,lower,R1C2,Cd-109-9178,6.69,2.55,1010,0.08,5,1009;1010;1011;1018;1019,
8705,lower,R1C3,Bi-207-8890,6.61,-3.89,1013,1.3,5,1012;1013;1014;1021;1022,
8705,lower,R2C1,Bi-207-9176,1.87,6.43,1048,1.18,4,1036;1047;1048;1060,
8705,lower,R2C2,Bi-207-9177,1.86,-0.32,1040,0.51,4,1039;1040;1051;1052,
8705,lower,R2C3,Bi-207-8779,1.92,-6.72,1055,1.34,6,1043;1044;1054;1055;1056;1067,
8706,upper,R1C2,Cd-109-9178,4.53,4.14,96,0.81,4,96;97;105;106,
8706,upper,R1C3,Bi-207-8890,5.67,-1.89,118,1.29,4,110;118;119;126,
8706,upper,R2C1,Bi-207-9176,-1.08,7.54,47,1.2,4,47;48;59;60,
8706,upper,R2C2,Bi-207-9177,-0.2,1.39,63,0.65,5,50;51;63;64;76,
8706,upper,R2C3,Bi-207-8779,1.86,-3.23,100,1.99,4,89;99;100;109,CHECK
8706,lower,R1C2,Cd-109-9178,5.12,3.48,1018,0.13,7,1009;1010;1017;1018;1019;1027;1028,
8706,lower,R1C3,Bi-207-8890,5.04,-2.96,1031,1.34,5,1021;1022;1030;1031;1032,
8706,lower,R2C1,Bi-207-9176,0.3,7.36,1060,1.14,7,1047;1048;1059;1060;1061;1072;1073,
8706,lower,R2C2,Bi-207-9177,0.29,0.61,1064,1.21,5,1051;1052;1063;1064;1076,
8706,lower,R2C3,Bi-207-8779,0.35,-5.79,1067,1.25,5,1055;1067;1068;1079;1080,
8707,upper,R1C2,Cd-109-9178,2.16,4.49,85,0.71,4,74;85;86;96,
8707,upper,R1C3,Bi-207-8890,3.3,-1.53,89,1.07,6,77;78;88;89;90;100,
8707,upper,R2C1,Bi-207-9176,-3.45,7.9,47,1.2,5,35;36;47;48;60,
8707,upper,R2C2,Bi-207-9177,-2.57,1.75,51,0.94,5,39;40;50;51;52,
8707,upper,R2C3,Bi-207-8779,-0.51,-2.88,54,2.27,4,42;43;54;55,CHECK
8707,lower,R1C2,Cd-109-9178,2.26,3.57,1038,0.11,7,1027;1028;1037;1038;1039;1049;1050,
8707,lower,R1C3,Bi-207-8890,2.18,-2.87,1042,0.6,4,1031;1041;1042;1053,
8707,lower,R2C1,Bi-207-9176,-2.56,7.45,1084,1.3,4,1072;1073;1084;1085,
8707,lower,R2C2,Bi-207-9177,-2.57,0.7,1076,0.36,4,1076;1077;1087;1088,
8707,lower,R2C3,Bi-207-8779,-2.51,-5.7,1091,1.34,5,1079;1080;1091;1092;1102,
8708,upper,R1C2,Cd-109-9178,-0.61,4.6,61,0.61,4,49;61;62;74,
8708,upper,R1C3,Bi-207-8890,0.53,-1.43,65,1.31,4,65;66;77;78,
8708,upper,R2C1,Bi-207-9176,-6.22,8.0,26,2.17,5,25;26;27;36;37,CHECK
8708,upper,R2C2,Bi-207-9177,-5.34,1.85,29,0.99,7,19;20;28;29;30;39;40,
8708,upper,R2C3,Bi-207-8779,-3.28,-2.77,43,2.47,5,32;33;42;43;44,CHECK
8708,lower,R1C2,Cd-109-9178,-0.49,3.55,1062,0.28,5,1049;1050;1061;1062;1063,
8708,lower,R1C3,Bi-207-8890,-0.57,-2.89,1053,1.35,5,1052;1053;1054;1065;1066,
8708,lower,R2C1,Bi-207-9176,-5.31,7.43,1095,1.37,3,1084;1094;1095,
8708,lower,R2C2,Bi-207-9177,-5.32,0.68,1098,0.2,6,1087;1088;1098;1099;1107;1108,
8708,lower,R2C3,Bi-207-8779,-5.26,-5.73,1102,0.34,5,1091;1101;1102;1111;1112,
8709,upper,R1C2,Cd-109-9178,-2.26,4.12,49,0.21,7,37;38;48;49;50;61;62,
8709,upper,R1C3,Bi-207-8890,-1.12,-1.9,53,1.33,7,41;42;52;53;54;65;66,
8709,upper,R2C1,Bi-207-9176,-7.87,7.53,17,2.59,5,9;17;18;27;28,CHECK
8709,upper,R2C2,Bi-207-9177,-6.99,1.38,11,1.36,5,10;11;12;19;20,
8709,upper,R2C3,Bi-207-8779,-4.93,-3.24,43,2.28,5,32;33;43;44;55,CHECK
8709,lower,R1C2,Cd-109-9178,-2.21,3.63,1074,0.71,4,1062;1074;1075;1086,
8709,lower,R1C3,Bi-207-8890,-2.29,-2.81,1078,0.22,7,1065;1066;1077;1078;1079;1089;1090,
8709,lower,R2C1,Bi-207-9176,-7.03,7.51,1105,2.33,4,1096;1105;1106;1114,CHECK
8709,lower,R2C2,Bi-207-9177,-7.04,0.75,1108,0.81,4,1107;1108;1116;1117,
8709,lower,R2C3,Bi-207-8779,-6.98,-5.65,1111,0.51,5,1101;1102;1110;1111;1112,
8710,upper,R2C1,Bi-207-9176,-9.96,7.54,,,0,,CHECK
8710,upper,R1C2,Cd-109-9178,-4.35,4.14,27,0.93,4,27;28;37;38,
8710,upper,R1C3,Bi-207-8890,-3.21,-1.89,53,1.19,4,53;54;65;66,
8710,upper,R2C2,Bi-207-9177,-9.08,1.39,19,2.35,4,11;19;20;29,CHECK
8710,upper,R2C3,Bi-207-8779,-7.02,-3.23,31,1.88,5,30;31;32;41;42,CHECK
8710,lower,R2C1,Bi-207-9176,-8.68,7.39,,,0,,CHECK
8710,lower,R1C2,Cd-109-9178,-3.86,3.51,1086,0.12,7,1074;1075;1085;1086;1087;1096;1097,
8710,lower,R1C3,Bi-207-8890,-3.95,-2.93,1100,1.34,3,1089;1090;1100,
8710,lower,R2C2,Bi-207-9177,-8.7,0.63,1108,2.05,4,1098;1107;1108;1116,CHECK
8710,lower,R2C3,Bi-207-8779,-8.63,-5.77,1111,1.97,4,1101;1102;1111;1112,CHECK
8711,upper,R1C2,Cd-109-9178,-3.32,3.21,38,0.5,5,28;38;39;49;50,
8711,upper,R1C3,Bi-207-8890,-2.18,-2.81,42,1.7,5,32;42;43;53;54,
8711,upper,R2C1,Bi-207-9176,-8.93,6.62,9,2.38,4,9;17;18;27,CHECK
8711,upper,R2C2,Bi-207-9177,-8.05,0.47,11,0.44,4,11;12;19;20,
8711,upper,R2C3,Bi-207-8779,-5.99,-4.16,33,2.05,3,33;34;44,CHECK
8711,lower,R1C2,Cd-109-9178,-3.08,2.63,1075,0.83,5,1074;1075;1076;1086;1087,
8711,lower,R1C3,Bi-207-8890,-3.16,-3.81,1090,0.68,5,1078;1079;1089;1090;1091,
8711,lower,R2C1,Bi-207-9176,-7.9,6.51,1105,1.74,6,1085;1095;1096;1097;1105;1106,
8711,lower,R2C2,Bi-207-9177,-7.91,-0.25,1117,0.71,4,1108;1109;1116;1117,
8711,lower,R2C3,Bi-207-8779,-7.85,-6.65,1111,1.82,4,1101;1102;1111;1112,CHECK
8712,upper,R1C2,Cd-109-9178,3.92,0.55,98,0.36,4,98;99;107;108,
8712,upper,R1C3,Bi-207-8890,5.06,-5.47,102,1.43,4,91;101;102;111,
8712,upper,R2C1,Bi-207-9176,-1.69,3.95,74,2.47,4,73;74;85;86,CHECK
8712,upper,R2C2,Bi-207-9177,-0.81,-2.19,77,2.05,4,77;78;88;89,CHECK
8712,upper,R2C3,Bi-207-8779,1.24,-6.82,67,2.57,4,54;55;66;67,CHECK
8712,lower,R1C2,Cd-109-9178,4.18,5.36,1026,0.83,4,1017;1026;1027;1037,
8712,lower,R1C3,Bi-207-8890,4.1,-1.08,1030,0.41,4,1020;1021;1029;1030,
8712,lower,R2C1,Bi-207-9176,-0.64,9.24,1047,2.0,3,1047;1048;1060,CHECK
8712,lower,R2C2,Bi-207-9177,-0.65,2.49,1051,2.14,4,1039;1040;1050;1051,CHECK
8712,lower,R2C3,Bi-207-8779,-0.59,-3.92,1079,1.71,4,1079;1080;1090;1091,
8713,upper,R1C2,Cd-109-9178,4.41,2.4,97,0.69,4,97;98;106;107,
8713,upper,R1C3,Bi-207-8890,5.55,-3.62,100,2.07,5,90;100;101;109;110,CHECK
8713,upper,R2C1,Bi-207-9176,-1.2,5.81,48,1.09,4,48;49;60;61,
8713,upper,R2C2,Bi-207-9177,-0.32,-0.34,64,0.55,5,51;52;64;65;77,
8713,upper,R2C3,Bi-207-8779,1.74,-4.97,78,2.57,3,66;78;79,CHECK
8713,lower,R1C2,Cd-109-9178,5.0,1.71,1019,0.25,7,1010;1011;1018;1019;1020;1028;1029,
8713,lower,R1C3,Bi-207-8890,4.91,-4.73,1032,1.23,5,1022;1023;1031;1032;1033,
8713,lower,R2C1,Bi-207-9176,0.18,5.59,1061,1.01,7,1048;1049;1060;1061;1062;1073;1074,
8713,lower,R2C2,Bi-207-9177,0.16,-1.16,1065,1.08,5,1052;1053;1064;1065;1077,
8713,lower,R2C3,Bi-207-8779,0.23,-7.57,1068,1.17,5,1056;1068;1069;1080;1081,
8715,upper,R1C2,Cd-109-9178,2.07,2.63,86,0.85,4,75;86;87;97,
8715,upper,R1C3,Bi-207-8890,3.21,-3.39,90,0.96,6,78;79;90;91;100;101,
8715,upper,R2C1,Bi-207-9176,-3.54,6.04,37,0.86,7,26;27;36;37;38;48;49,
8715,upper,R2C2,Bi-207-9177,-2.66,-0.11,40,1.09,4,40;41;51;52,
8715,upper,R2C3,Bi-207-8779,-0.6,-4.74,80,1.89,4,68;80;81;92,CHECK
8715,lower,R1C2,Cd-109-9178,2.24,1.8,1039,0.07,7,1028;1029;1038;1039;1040;1050;1051,
8715,lower,R1C3,Bi-207-8890,2.15,-4.64,1043,0.57,4,1032;1042;1043;1054,
8715,lower,R2C1,Bi-207-9176,-2.58,5.68,1085,1.27,5,1073;1074;1084;1085;1086,
8715,lower,R2C2,Bi-207-9177,-2.6,-1.07,1077,0.4,4,1077;1078;1088;1089,
8715,lower,R2C3,Bi-207-8779,-2.53,-7.47,1092,1.33,4,1080;1081;1091;1092,
8716,upper,R1C2,Cd-109-9178,4.39,2.39,97,0.68,4,97;98;106;107,
8716,upper,R1C3,Bi-207-8890,5.53,-3.63,100,2.06,5,90;100;101;109;110,CHECK
8716,upper,R2C1,Bi-207-9176,-1.22,5.79,48,1.07,4,48;49;60;61,
8716,upper,R2C2,Bi-207-9177,-0.34,-0.35,64,0.54,5,51;52;64;65;77,
8716,upper,R2C3,Bi-207-8779,1.72,-4.98,78,2.57,3,66;78;79,CHECK
8716,lower,R1C2,Cd-109-9178,4.96,1.69,1019,0.29,7,1010;1011;1018;1019;1020;1028;1029,
8716,lower,R1C3,Bi-207-8890,4.88,-4.75,1032,1.2,5,1022;1023;1031;1032;1033,
8716,lower,R2C1,Bi-207-9176,0.14,5.57,1061,0.97,6,1049;1060;1061;1062;1073;1074,
8716,lower,R2C2,Bi-207-9177,0.13,-1.18,1065,1.04,5,1052;1053;1064;1065;1077,
8716,lower,R2C3,Bi-207-8779,0.19,-7.59,1068,1.15,5,1056;1068;1069;1080;1081,
8717,upper,R1C2,Cd-109-9178,3.98,2.23,97,0.44,5,87;97;98;106;107,
8717,upper,R1C3,Bi-207-8890,5.12,-3.79,101,1.47,6,90;91;100;101;110;111,
8717,upper,R2C1,Bi-207-9176,-1.63,5.63,73,2.41,4,73;74;84;85,CHECK
8717,upper,R2C2,Bi-207-9177,-0.75,-0.51,51,2.04,7,39;40;50;51;52;63;64,CHECK
8717,upper,R2C3,Bi-207-8779,1.31,-5.14,79,0.98,4,66;67;78;79,
8717,lower,R1C2,Cd-109-9178,4.18,1.19,1029,0.53,4,1019;1020;1028;1029,
8717,lower,R1C3,Bi-207-8890,4.09,-5.25,1032,0.98,5,1022;1023;1032;1033;1043,
8717,lower,R2C1,Bi-207-9176,-0.64,5.07,1049,1.58,4,1037;1038;1049;1050,
8717,lower,R2C2,Bi-207-9177,-0.66,-1.68,1053,1.68,4,1041;1042;1052;1053,
8717,lower,R2C3,Bi-207-8779,-0.59,-8.09,1055,2.43,4,1044;1055;1056;1068,CHECK
8718,upper,R1C2,Cd-109-9178,4.0,-0.7,99,0.3,6,89;98;99;100;108;109,
8718,upper,R1C3,Bi-207-8890,5.14,-6.72,111,1.53,3,101;110;111,
8718,upper,R2C1,Bi-207-9176,-1.61,2.7,51,1.94,7,39;40;50;51;52;63;64,CHECK
8718,upper,R2C2,Bi-207-9177,-0.74,-3.44,54,1.75,4,42;43;54;55,
8718,upper,R2C3,Bi-207-8779,1.32,-8.07,92,1.47,4,80;91;92;102,
8718,lower,R1C2,Cd-109-9178,4.06,4.28,1027,0.31,5,1017;1018;1026;1027;1028,
8718,lower,R1C3,Bi-207-8890,3.97,-2.16,1021,1.35,5,1020;1021;1022;1030;1031,
8718,lower,R2C1,Bi-207-9176,-0.76,8.16,1048,2.58,5,1036;1037;1048;1049;1061,CHECK
8718,lower,R2C2,Bi-207-9177,-0.78,1.41,1051,1.62,4,1039;1040;1051;1052,
8718,lower,R2C3,Bi-207-8779,-0.71,-5.0,1079,1.67,4,1079;1080;1090;1091,
8719,upper,R1C2,Cd-109-9178,5.23,0.21,108,0.21,6,99;107;108;109;116;117,
8719,upper,R1C3,Bi-207-8890,6.37,-5.82,119,1.54,3,110;118;119,
8719,upper,R2C1,Bi-207-9176,-0.38,3.61,74,1.34,4,73;74;85;86,
8719,upper,R2C2,Bi-207-9177,0.5,-2.54,77,1.69,5,76;77;78;88;89,
8719,upper,R2C3,Bi-207-8779,2.56,-7.16,80,2.12,4,67;68;79;80,CHECK
8719,lower,R1C2,Cd-109-9178,5.22,4.4,1017,0.8,4,1009;1017;1018;1027,
8719,lower,R1C3,Bi-207-8890,5.13,-2.04,1021,0.33,4,1012;1013;1020;1021,
8719,lower,R2C1,Bi-207-9176,0.4,8.28,1047,0.6,5,1036;1047;1048;1059;1060,
8719,lower,R2C2,Bi-207-9177,0.38,1.53,1039,1.88,4,1028;1029;1038;1039,CHECK
8719,lower,R2C3,Bi-207-8779,0.45,-4.88,1053,2.3,4,1041;1042;1052;1053,CHECK
8720,upper,R1C2,Cd-109-9178,5.17,1.68,107,0.1,6,98;106;107;108;115;116,
8720,upper,R1C3,Bi-207-8890,6.31,-4.34,110,1.37,4,100;109;110;118,
8720,upper,R2C1,Bi-207-9176,-0.44,5.09,74,1.41,5,73;74;75;85;86,
8720,upper,R2C2,Bi-207-9177,0.44,-1.06,77,0.37,4,76;77;88;89,
8720,upper,R2C3,Bi-207-8779,2.49,-5.68,90,2.23,4,78;79;90;91,CHECK
8720,lower,R1C2,Cd-109-9178,5.86,1.08,1011,0.92,4,1011;1012;1019;1020,
8720,lower,R1C3,Bi-207-8890,5.77,-5.36,1023,0.55,5,1014;1022;1023;1032;1033,
8720,lower,R2C1,Bi-207-9176,1.04,4.96,1037,1.23,5,1026;1027;1036;1037;1038,
8720,lower,R2C2,Bi-207-9177,1.02,-1.79,1041,1.23,4,1030;1031;1040;1041,
8720,lower,R2C3,Bi-207-8779,1.09,-8.19,1068,2.23,4,1067;1068;1080;1081,CHECK
8721,upper,R1C2,Cd-109-9178,-2.27,3.53,49,0.8,4,38;49;50;62,
8721,upper,R1C3,Bi-207-8890,-1.14,-2.49,53,1.12,5,41;42;53;54;66,
8721,upper,R2C1,Bi-207-9176,-7.88,6.94,17,2.08,4,17;18;26;27,CHECK
8721,upper,R2C2,Bi-207-9177,-7.01,0.79,11,1.25,4,11;12;19;20,
8721,upper,R2C3,Bi-207-8779,-4.95,-3.84,43,1.81,4,33;43;44;55,CHECK
8721,lower,R1C2,Cd-109-9178,-2.24,2.71,1075,0.11,7,1062;1063;1074;1075;1076;1086;1087,
8721,lower,R1C3,Bi-207-8890,-2.33,-3.73,1079,0.6,4,1066;1078;1079;1090,
8721,lower,R2C1,Bi-207-9176,-7.06,6.59,1105,1.43,4,1095;1096;1105;1106,
8721,lower,R2C2,Bi-207-9177,-7.08,-0.16,1108,0.36,4,1108;1109;1116;1117,
8721,lower,R2C3,Bi-207-8779,-7.01,-6.57,1111,1.4,4,1101;1102;1110;1111,
8824,upper,R2C1,Bi-207-9176,-11.23,8.36,,,0,,CHECK
8824,upper,R1C2,Cd-109-9178,-5.62,4.95,17,1.16,4,17;18;26;27,
8824,upper,R1C3,Bi-207-8890,-4.48,-1.07,30,0.8,4,21;30;31;41,
8824,upper,R2C2,Bi-207-9177,-10.35,2.21,11,2.49,5,4;11;12;19;20,CHECK
8824,upper,R2C3,Bi-207-8779,-8.29,-2.42,22,1.86,3,22;23;32,CHECK
8824,lower,R2C1,Bi-207-9176,-9.99,8.16,,,0,,CHECK
8824,lower,R2C3,Bi-207-8779,-9.94,-4.99,,,0,,CHECK
8824,lower,R1C2,Cd-109-9178,-5.17,4.28,1096,0.09,7,1085;1086;1095;1096;1097;1105;1106,
8824,lower,R1C3,Bi-207-8890,-5.26,-2.16,1100,0.44,4,1089;1099;1100;1109,
8824,lower,R2C2,Bi-207-9177,-10.01,1.41,1116,1.84,4,1107;1108;1116;1117,CHECK
8825,upper,R1C2,Cd-109-9178,3.95,2.47,97,0.24,7,86;87;96;97;98;106;107,
8825,upper,R1C3,Bi-207-8890,5.09,-3.55,101,1.55,6,90;91;100;101;110;111,
8825,upper,R2C1,Bi-207-9176,-1.66,5.88,73,2.42,4,73;74;84;85,CHECK
8825,upper,R2C2,Bi-207-9177,-0.78,-0.27,51,1.86,7,39;40;50;51;52;63;64,CHECK
8825,upper,R2C3,Bi-207-8779,1.28,-4.9,78,2.36,4,65;77;78;89,CHECK
8825,lower,R1C2,Cd-109-9178,4.18,1.19,1029,0.54,4,1019;1020;1028;1029,
8825,lower,R1C3,Bi-207-8890,4.1,-5.24,1032,0.98,4,1022;1023;1032;1033,
8825,lower,R2C1,Bi-207-9176,-0.64,5.07,1049,1.58,4,1037;1038;1049;1050,
8825,lower,R2C2,Bi-207-9177,-0.65,-1.68,1064,1.68,5,1051;1052;1063;1064;1076,
8825,lower,R2C3,Bi-207-8779,-0.59,-8.08,1055,2.42,7,1043;1044;1054;1055;1056;1067;1068,CHECK
8826,upper,R1C2,Cd-109-9178,5.06,1.81,107,0.2,6,97;106;107;108;115;116,
8826,upper,R1C3,Bi-207-8890,6.2,-4.22,110,1.21,4,100;109;110;118,
8826,upper,R2C1,Bi-207-9176,-0.55,5.21,74,1.57,5,73;74;75;85;86,
8826,upper,R2C2,Bi-207-9177,0.33,-0.94,88,2.14,6,76;77;87;88;98;99,CHECK
8826,upper,R2C3,Bi-207-8779,2.39,-5.56,90,2.1,4,78;79;89;90,CHECK
8826,lower,R1C2,Cd-109-9178,5.87,1.12,1011,0.91,5,1010;1011;1012;1019;1020,
8826,lower,R1C3,Bi-207-8890,5.79,-5.32,1023,0.55,5,1014;1022;1023;1032;1033,
8826,lower,R2C1,Bi-207-9176,1.06,5.0,1037,1.21,4,1026;1027;1037;1038,
8826,lower,R2C2,Bi-207-9177,1.04,-1.75,1040,2.13,4,1029;1030;1039;1040,CHECK
8826,lower,R2C3,Bi-207-8779,1.1,-8.16,1068,2.22,4,1067;1068;1080;1081,CHECK
8827,upper,R1C2,Cd-109-9178,-2.26,3.51,49,0.82,4,38;49;50;62,
8827,upper,R1C3,Bi-207-8890,-1.12,-2.51,53,1.13,6,41;42;53;54;65;66,
8827,upper,R2C1,Bi-207-9176,-7.87,6.92,17,2.05,4,17;18;26;27,CHECK
8827,upper,R2C2,Bi-207-9177,-6.99,0.77,11,1.26,4,11;12;19;20,
8827,upper,R2C3,Bi-207-8779,-4.93,-3.86,43,1.79,4,33;43;44;55,
8827,lower,R1C2,Cd-109-9178,-2.24,2.69,1075,0.09,7,1062;1063;1074;1075;1076;1086;1087,
8827,lower,R1C3,Bi-207-8890,-2.33,-3.75,1079,0.59,4,1066;1078;1079;1090,
8827,lower,R2C1,Bi-207-9176,-7.06,6.57,1105,1.41,4,1095;1096;1105;1106,
8827,lower,R2C2,Bi-207-9177,-7.08,-0.18,1108,0.37,5,1099;1108;1109;1116;1117,
8827,lower,R2C3,Bi-207-8779,-7.02,-6.58,1111,1.41,4,1101;1102;1110;1111,
8828,upper,R1C2,Cd-109-9178,-0.37,1.91,63,0.42,7,50;51;62;63;64;75;76,
8828,upper,R1C3,Bi-207-8890,0.77,-4.11,66,1.65,4,66;67;78;79,
8828,upper,R2C1,Bi-207-9176,-5.98,5.32,26,1.04,4,17;26;27;37,
8828,upper,R2C2,Bi-207-9177,-5.1,-0.83,30,0.15,7,20;21;29;30;31;40;41,
8828,upper,R2C3,Bi-207-8779,-3.04,-5.46,43,0.75,5,32;42;43;54;55,
8828,lower,R1C2,Cd-109-9178,0.22,1.14,1051,0.6,4,1050;1051;1063;1064,
8828,lower,R1C3,Bi-207-8890,0.13,-5.3,1054,1.15,4,1054;1055;1066;1067,
8828,lower,R2C1,Bi-207-9176,-4.6,5.02,1096,0.95,4,1085;1095;1096;1105,
8828,lower,R2C2,Bi-207-9177,-4.62,-1.73,1099,1.07,5,1088;1089;1099;1100;1109,
8828,lower,R2C3,Bi-207-8779,-4.55,-8.13,1102,2.19,4,1091;1092;1101;1102,CHECK
8829,upper,R1C2,Cd-109-9178,-1.99,0.91,51,0.26,7,39;40;50;51;52;63;64,
8829,upper,R1C3,Bi-207-8890,-0.86,-5.11,66,1.65,5,53;65;66;78;79,
8829,upper,R2C1,Bi-207-9176,-7.61,4.31,18,1.2,5,10;18;19;27;28,
8829,upper,R2C2,Bi-207-9177,-6.73,-1.83,30,1.77,5,20;21;30;31;41,
8829,upper,R2C3,Bi-207-8779,-4.67,-6.46,43,1.56,7,32;33;42;43;44;54;55,
8829,lower,R1C2,Cd-109-9178,5.42,4.22,1009,1.34,3,1009;1017;1018,
8829,lower,R1C3,Bi-207-8890,5.33,-2.22,1021,0.49,4,1012;1013;1020;1021,
8829,lower,R2C1,Bi-207-9176,0.6,8.1,1047,0.34,4,1047;1048;1059;1060,
8829,lower,R2C2,Bi-207-9177,0.58,1.35,1039,1.71,4,1028;1029;1038;1039,
8829,lower,R2C3,Bi-207-8779,0.64,-5.05,1053,2.46,5,1041;1042;1052;1053;1065,CHECK
8830,upper,R1C2,Cd-109-9178,4.0,-0.62,99,0.35,5,98;99;100;108;109,
8830,upper,R1C3,Bi-207-8890,5.14,-6.65,111,1.45,3,101;110;111,
8830,upper,R2C1,Bi-207-9176,-1.61,2.78,51,2.02,7,39;40;50;51;52;63;64,CHECK
8830,upper,R2C2,Bi-207-9177,-0.73,-3.37,78,1.67,6,66;77;78;79;89;90,
8830,upper,R2C3,Bi-207-8779,1.33,-7.99,80,2.01,6,67;68;80;81;91;92,CHECK
8830,lower,R1C2,Cd-109-9178,4.07,4.21,1027,0.34,5,1017;1018;1026;1027;1028,
8830,lower,R1C3,Bi-207-8890,3.98,-2.23,1021,1.36,5,1020;1021;1022;1030;1031,
8830,lower,R2C1,Bi-207-9176,-0.75,8.09,1048,2.52,6,1036;1037;1048;1049;1060;1061,CHECK
8830,lower,R2C2,Bi-207-9177,-0.77,1.34,1051,1.59,4,1039;1040;1051;1052,
8830,lower,R2C3,Bi-207-8779,-0.7,-5.07,1079,1.71,6,1066;1078;1079;1080;1090;1091,
8831,upper,R1C2,Cd-109-9178,-3.15,3.19,38,0.66,5,28;38;39;49;50,
8831,upper,R1C3,Bi-207-8890,-2.01,-2.84,42,1.85,6,32;41;42;43;53;54,CHECK
8831,upper,R2C1,Bi-207-9176,-8.76,6.59,17,2.45,4,9;17;18;27,CHECK
8831,upper,R2C2,Bi-207-9177,-7.88,0.44,11,0.56,4,11;12;19;20,
8831,upper,R2C3,Bi-207-8779,-5.82,-4.18,33,1.96,3,33;34;44,CHECK
8831,lower,R1C2,Cd-109-9178,-2.78,2.58,1075,0.53,5,1074;1075;1076;1086;1087,
8831,lower,R1C3,Bi-207-8890,-2.87,-3.86,1090,0.97,5,1078;1079;1089;1090;1091,
8831,lower,R2C1,Bi-207-9176,-7.6,6.46,1095,2.38,3,1085;1095;1096,CHECK
8831,lower,R2C2,Bi-207-9177,-7.62,-0.29,1117,0.86,4,1108;1109;1116;1117,
8831,lower,R2C3,Bi-207-8779,-7.55,-6.69,1102,2.39,3,1092;1102;1112,CHECK
8832,upper,R1C2,Cd-109-9178,-0.82,2.96,62,0.51,6,49;50;62;63;74;75,
8832,upper,R1C3,Bi-207-8890,0.32,-3.07,66,1.14,6,53;54;65;66;67;78,
8832,upper,R2C1,Bi-207-9176,-6.43,6.36,27,2.35,5,18;27;28;37;38,CHECK
8832,upper,R2C2,Bi-207-9177,-5.55,0.21,20,1.22,7,11;12;19;20;21;29;30,
8832,upper,R2C3,Bi-207-8779,-3.5,-4.41,43,0.83,6,32;33;42;43;44;55,
8832,lower,R1C2,Cd-109-9178,-0.73,2.1,1063,0.37,6,1050;1051;1062;1063;1075;1076,
8832,lower,R1C3,Bi-207-8890,-0.81,-4.34,1066,0.88,6,1054;1065;1066;1067;1078;1079,
8832,lower,R2C1,Bi-207-9176,-5.55,5.98,1105,1.43,4,1095;1096;1105;1106,
8832,lower,R2C2,Bi-207-9177,-5.56,-0.77,1108,1.42,4,1098;1099;1108;1109,
8832,lower,R2C3,Bi-207-8779,-5.5,-7.17,1102,1.14,4,1091;1101;1102;1111,
8833,upper,R1C2,Cd-109-9178,0.68,3.64,74,0.7,4,62;74;75;86,
8833,upper,R1C3,Bi-207-8890,1.82,-2.39,78,1.09,5,66;78;79;89;90,
8833,upper,R2C1,Bi-207-9176,-4.93,7.04,26,1.03,4,26;27;36;37,
8833,upper,R2C2,Bi-207-9177,-4.05,0.89,51,1.8,7,39;40;50;51;52;63;64,CHECK
8833,upper,R2C3,Bi-207-8779,-2.0,-3.73,43,2.29,6,32;33;42;43;44;55,CHECK
8833,lower,R1C2,Cd-109-9178,0.74,2.7,1050,0.1,7,1038;1039;1049;1050;1051;1062;1063,
8833,lower,R1C3,Bi-207-8890,0.66,-3.74,1054,0.59,5,1042;1043;1053;1054;1066,
8833,lower,R2C1,Bi-207-9176,-4.08,6.58,1085,1.42,5,1073;1084;1085;1095;1096,
8833,lower,R2C2,Bi-207-9177,-4.09,-0.18,1088,0.38,5,1077;1088;1089;1098;1099,
8833,lower,R2C3,Bi-207-8779,-4.03,-6.58,1092,0.45,4,1080;1091;1092;1102,
8834,upper,R1C2,Cd-109-9178,0.68,3.63,74,0.71,4,62;74;75;86,
8834,upper,R1C3,Bi-207-8890,1.82,-2.4,78,1.08,5,66;78;79;89;90,
8834,upper,R2C1,Bi-207-9176,-4.93,7.03,26,1.02,4,26;27;36;37,
8834,upper,R2C2,Bi-207-9177,-4.06,0.88,51,1.81,7,39;40;50;51;52;63;64,CHECK
8834,upper,R2C3,Bi-207-8779,-2.0,-3.74,43,2.28,6,32;33;42;43;44;55,CHECK
8834,lower,R1C2,Cd-109-9178,0.75,2.69,1050,0.09,7,1038;1039;1049;1050;1051;1062;1063,
8834,lower,R1C3,Bi-207-8890,0.66,-3.75,1054,0.59,5,1042;1043;1053;1054;1066,
8834,lower,R2C1,Bi-207-9176,-4.07,6.57,1085,1.41,5,1073;1084;1085;1095;1096,
8834,lower,R2C2,Bi-207-9177,-4.09,-0.18,1088,0.38,5,1077;1088;1089;1098;1099,
8834,lower,R2C3,Bi-207-8779,-4.02,-6.58,1092,0.44,4,1080;1091;1092;1102,
8835,upper,R1C2,Cd-109-9178,2.02,3.74,86,0.36,7,74;75;85;86;87;96;97,
8835,upper,R1C3,Bi-207-8890,3.16,-2.28,100,0.67,5,89;90;100;101;110,
8835,upper,R2C1,Bi-207-9176,-3.59,7.15,48,1.72,7,36;37;47;48;49;60;61,
8835,upper,R2C2,Bi-207-9177,-2.71,1.0,51,0.48,5,40;51;52;63;64,
8835,upper,R2C3,Bi-207-8779,-0.65,-3.62,65,1.9,5,53;65;66;77;78,CHECK
8835,lower,R1C2,Cd-109-9178,-1.82,5.7,1073,0.56,6,1060;1061;1072;1073;1074;1085,
8835,lower,R1C3,Bi-207-8890,-1.91,-0.73,1077,0.37,4,1064;1065;1076;1077,
8835,lower,R2C1,Bi-207-9176,-6.64,9.58,1094,2.27,3,1084;1094;1095,CHECK
8835,lower,R2C2,Bi-207-9177,-6.66,2.83,1098,2.42,4,1087;1088;1097;1098,CHECK
8835,lower,R2C3,Bi-207-8779,-6.59,-3.57,1101,1.54,4,1090;1091;1101;1102,
8837,upper,R1C2,Cd-109-9178,2.44,0.36,88,0.41,6,76;77;87;88;98;99,
8837,upper,R1C3,Bi-207-8890,3.58,-5.66,90,2.57,4,89;90;100;101,CHECK
8837,upper,R2C1,Bi-207-9176,-3.17,3.77,62,2.44,4,61;62;74;75,CHECK
8837,upper,R2C2,Bi-207-9177,-2.29,-2.38,54,1.95,4,42;43;54;55,CHECK
8837,upper,R2C3,Bi-207-8779,-0.23,-7.0,80,1.36,4,79;80;91;92,
8837,lower,R1C2,Cd-109-9178,2.62,-0.21,1040,0.42,5,1029;1030;1040;1041;1052,
8837,lower,R1C3,Bi-207-8890,2.53,-6.65,1044,0.4,4,1033;1043;1044;1055,
8837,lower,R2C1,Bi-207-9176,-2.2,3.67,1061,2.11,5,1037;1048;1049;1060;1061,CHECK
8837,lower,R2C2,Bi-207-9177,-2.22,-3.08,1079,1.25,5,1067;1079;1080;1090;1091,
8837,lower,R2C3,Bi-207-8779,-2.16,-9.49,1069,1.63,4,1056;1068;1069;1081,
8838,upper,R1C2,Cd-109-9178,3.98,0.65,98,0.32,4,98;99;107;108,
8838,upper,R1C3,Bi-207-8890,5.12,-5.38,102,1.53,4,91;101;102;111,
8838,upper,R2C1,Bi-207-9176,-1.63,4.05,74,2.39,4,73;74;85;86,CHECK
8838,upper,R2C2,Bi-207-9177,-0.75,-2.1,77,1.94,4,77;78;88;89,CHECK
8838,upper,R2C3,Bi-207-8779,1.31,-6.72,79,2.46,5,66;67;79;80;90,CHECK
8838,lower,R1C2,Cd-109-9178,4.17,5.3,1026,0.87,4,1017;1026;1027;1037,
8838,lower,R1C3,Bi-207-8890,4.08,-1.14,1030,0.43,4,1020;1021;1029;1030,
8838,lower,R2C1,Bi-207-9176,-0.65,9.18,1047,1.97,3,1047;1048;1060,CHECK
8838,lower,R2C2,Bi-207-9177,-0.67,2.43,1064,2.43,5,1051;1052;1064;1065;1077,CHECK
8838,lower,R2C3,Bi-207-8779,-0.6,-3.97,1079,1.68,4,1079;1080;1090;1091,
8839,upper,R1C2,Cd-109-9178,-1.08,2.17,63,0.55,5,50;51;62;63;64,
8839,upper,R1C3,Bi-207-8890,0.06,-3.85,79,0.84,4,79;80;90;91,
8839,upper,R2C1,Bi-207-9176,-6.69,5.57,17,0.38,4,9;17;18;27,
8839,upper,R2C2,Bi-207-9177,-5.81,-0.57,21,1.49,7,12;13;20;21;22;30;31,
8839,upper,R2C3,Bi-207-8779,-3.75,-5.2,54,1.74,5,43;54;55;66;67,
8839,lower,R1C2,Cd-109-9178,-0.8,1.72,1063,0.05,7,1050;1051;1062;1063;1064;1075;1076,
8839,lower,R1C3,Bi-207-8890,-0.88,-4.72,1067,0.49,5,1054;1066;1067;1068;1079,
8839,lower,R2C1,Bi-207-9176,-5.62,5.6,1105,1.2,4,1095;1096;1105;1106,
8839,lower,R2C2,Bi-207-9177,-5.63,-1.15,1109,1.26,5,1099;1100;1108;1109;1110,
8839,lower,R2C3,Bi-207-8779,-5.57,-7.56,1092,1.92,4,1080;1091;1092;1102,CHECK
8840,upper,R1C2,Cd-109-9178,0.65,1.98,75,0.62,4,63;75;76;87,
8840,upper,R1C3,Bi-207-8890,1.79,-4.04,79,1.08,7,66;67;78;79;80;90;91,
8840,upper,R2C1,Bi-207-9176,-4.96,5.38,26,0.74,5,17;26;27;36;37,
8840,upper,R2C2,Bi-207-9177,-4.08,-0.76,30,1.18,4,30;31;40;41,
8840,upper,R2C3,Bi-207-8779,-2.02,-5.39,43,1.74,4,32;42;43;54,
8840,lower,R1C2,Cd-109-9178,0.75,0.96,1051,0.1,7,1039;1040;1050;1051;1052;1063;1064,
8840,lower,R1C3,Bi-207-8890,0.67,-5.48,1054,1.15,5,1042;1043;1054;1055;1067,
8840,lower,R2C1,Bi-207-9176,-4.07,4.84,1085,0.47,4,1085;1086;1095;1096,
8840,lower,R2C2,Bi-207-9177,-4.08,-1.91,1089,0.37,7,1077;1078;1088;1089;1090;1099;1100,
8840,lower,R2C3,Bi-207-8779,-4.02,-8.31,1092,1.41,5,1080;1081;1091;1092;1102,
8841,upper,R1C2,Cd-109-9178,2.97,1.64,87,0.72,4,87;88;97;98,
8841,upper,R1C3,Bi-207-8890,4.11,-4.38,101,0.36,5,90;91;100;101;110,
8841,upper,R2C1,Bi-207-9176,-2.64,5.05,48,1.09,4,37;48;49;61,
8841,upper,R2C2,Bi-207-9177,-1.76,-1.1,52,0.54,7,40;41;51;52;53;64;65,
8841,upper,R2C3,Bi-207-8779,0.3,-5.73,66,2.49,5,54;66;67;78;79,CHECK
8841,lower,R1C2,Cd-109-9178,3.62,0.88,1029,0.13,7,1019;1020;1028;1029;1030;1039;1040,
8841,lower,R1C3,Bi-207-8890,3.53,-5.56,1032,1.25,5,1023;1032;1033;1042;1043,
8841,lower,R2C1,Bi-207-9176,-1.2,4.76,1074,1.13,7,1061;1062;1073;1074;1075;1085;1086,
8841,lower,R2C2,Bi-207-9177,-1.22,-1.99,1078,1.2,5,1065;1066;1077;1078;1089,
8841,lower,R2C3,Bi-207-8779,-1.15,-8.39,1081,1.25,5,1068;1069;1080;1081;1092,
8842,upper,R1C2,Cd-109-9178,5.15,2.01,107,0.29,7,97;98;106;107;108;115;116,
8842,upper,R1C3,Bi-207-8890,6.29,-4.02,110,1.18,7,100;101;109;110;111;118;119,
8842,upper,R2C1,Bi-207-9176,-0.46,5.41,61,0.36,5,60;61;62;73;74,
8842,upper,R2C2,Bi-207-9177,0.42,-0.74,77,0.35,5,64;65;77;78;89,
8842,upper,R2C3,Bi-207-8779,2.48,-5.36,90,1.91,3,79;90;91,CHECK
8842,lower,R1C2,Cd-109-9178,5.25,1.63,1019,0.1,7,1010;1011;1018;1019;1020;1028;1029,
8842,lower,R1C3,Bi-207-8890,5.17,-4.81,1023,0.4,4,1014;1022;1023;1032,
8842,lower,R2C1,Bi-207-9176,0.43,5.51,1049,1.22,4,1048;1049;1061;1062,
8842,lower,R2C2,Bi-207-9177,0.42,-1.24,1053,1.4,4,1041;1052;1053;1065,
8842,lower,R2C3,Bi-207-8779,0.48,-7.64,1056,0.31,4,1055;1056;1068;1069,
8843,upper,R1C2,Cd-109-9178,2.44,-0.11,88,0.22,4,77;88;89;99,
8843,upper,R1C3,Bi-207-8890,3.58,-6.13,92,1.55,5,80;81;91;92;102,
8843,upper,R2C1,Bi-207-9176,-3.17,3.3,51,2.6,7,39;40;50;51;52;63;64,CHECK
8843,upper,R2C2,Bi-207-9177,-2.29,-2.85,54,1.48,4,42;43;54;55,
8843,upper,R2C3,Bi-207-8779,-0.23,-7.47,68,0.76,3,56;68;69,
8843,lower,R2C3,Bi-207-8779,-2.18,-10.95,,,0,,CHECK
8843,lower,R1C2,Cd-109-9178,2.59,-1.67,1041,0.34,5,1030;1031;1040;1041;1042,
8843,lower,R1C3,Bi-207-8890,2.51,-8.11,1044,1.21,5,1033;1043;1044;1055;1056,
8843,lower,R2C1,Bi-207-9176,-2.23,2.21,1062,1.94,4,1049;1050;1061;1062,CHECK
8843,lower,R2C2,Bi-207-9177,-2.24,-4.54,1090,1.85,6,1078;1079;1090;1091;1100;1101,CHECK
8844,upper,R1C2,Cd-109-9178,6.27,2.23,115,0.61,4,106;107;115;116,
8844,upper,R1C3,Bi-207-8890,7.41,-3.79,110,2.18,4,109;110;118;119,CHECK
8844,upper,R2C1,Bi-207-9176,0.66,5.63,73,0.44,5,61;73;74;84;85,
8844,upper,R2C2,Bi-207-9177,1.54,-0.51,77,0.86,5,76;77;78;88;89,
8844,upper,R2C3,Bi-207-8779,3.6,-5.14,90,2.15,4,90;91;100;101,CHECK
8844,lower,R1C2,Cd-109-9178,6.57,0.75,1011,0.22,6,1004;1010;1011;1012;1019;1020,
8844,lower,R1C3,Bi-207-8890,6.49,-5.69,1023,1.33,5,1014;1022;1023;1032;1033,
8844,lower,R2C1,Bi-207-9176,1.75,4.63,1049,1.04,4,1037;1038;1048;1049,
8844,lower,R2C2,Bi-207-9177,1.74,-2.13,1041,0.65,4,1040;1041;1052;1053,
8844,lower,R2C3,Bi-207-8779,1.8,-8.53,1056,1.28,4,1044;1055;1056;1068,
8845,upper,R1C2,Cd-109-9178,4.37,2.4,97,0.66,4,97;98;106;107,
8845,upper,R1C3,Bi-207-8890,5.51,-3.63,100,2.04,5,90;100;101;109;110,CHECK
8845,upper,R2C1,Bi-207-9176,-1.24,5.8,48,1.05,4,48;49;60;61,
8845,upper,R2C2,Bi-207-9177,-0.36,-0.35,64,0.52,5,51;52;64;65;77,
8845,upper,R2C3,Bi-207-8779,1.7,-4.97,78,2.56,3,66;78;79,CHECK
8845,lower,R1C2,Cd-109-9178,4.96,1.69,1019,0.29,7,1010;1011;1018;1019;1020;1028;1029,
8845,lower,R1C3,Bi-207-8890,4.88,-4.74,1023,0.59,4,1022;1023;1032;1033,
8845,lower,R2C1,Bi-207-9176,0.14,5.57,1061,0.97,6,1049;1060;1061;1062;1073;1074,
8845,lower,R2C2,Bi-207-9177,0.13,-1.18,1065,1.04,6,1052;1053;1064;1065;1077;1078,
8845,lower,R2C3,Bi-207-8779,0.19,-7.58,1068,1.14,4,1056;1068;1069;1081,
8846,upper,R1C2,Cd-109-9178,2.08,2.34,87,0.63,5,75;76;86;87;97,
8846,upper,R1C3,Bi-207-8890,3.22,-3.68,90,0.99,6,78;79;90;91;100;101,
8846,upper,R2C1,Bi-207-9176,-3.53,5.74,37,0.59,7,26;27;36;37;38;48;49,
8846,upper,R2C2,Bi-207-9177,-2.65,-0.4,40,1.17,4,40;41;51;52,
8846,upper,R2C3,Bi-207-8779,-0.59,-5.03,80,1.7,4,68;80;81;92,
8846,lower,R1C2,Cd-109-9178,2.24,1.76,1039,0.02,7,1028;1029;1038;1039;1040;1050;1051,
8846,lower,R1C3,Bi-207-8890,2.16,-4.68,1043,0.52,4,1032;1042;1043;1054,
8846,lower,R2C1,Bi-207-9176,-2.58,5.64,1085,1.25,4,1073;1074;1085;1086,
8846,lower,R2C2,Bi-207-9177,-2.59,-1.12,1077,0.42,4,1077;1078;1088;1089,
8846,lower,R2C3,Bi-207-8779,-2.53,-7.52,1092,1.36,4,1080;1081;1091;1092,
8847,upper,R1C2,Cd-109-9178,-0.49,2.0,63,0.37,7,50;51;62;63;64;75;76,
8847,upper,R1C3,Bi-207-8890,0.65,-4.03,66,1.5,4,66;67;78;79,
8847,upper,R2C1,Bi-207-9176,-6.1,5.4,17,0.68,4,17;18;26;27,
8847,upper,R2C2,Bi-207-9177,-5.22,-0.75,30,0.12,7,20;21;29;30;31;40;41,
8847,upper,R2C3,Bi-207-8779,-3.17,-5.37,43,0.61,5,32;42;43;54;55,
8847,lower,R1C2,Cd-109-9178,-0.17,1.39,1063,0.68,4,1050;1051;1063;1064,
8847,lower,R1C3,Bi-207-8890,-0.25,-5.05,1054,1.24,4,1054;1055;1066;1067,
8847,lower,R2C1,Bi-207-9176,-4.99,5.27,1096,0.97,4,1085;1095;1096;1105,
8847,lower,R2C2,Bi-207-9177,-5.0,-1.49,1099,0.67,5,1088;1089;1099;1100;1109,
8847,lower,R2C3,Bi-207-8779,-4.94,-7.89,1102,1.85,4,1091;1092;1101;1102,CHECK
8848,upper,R1C2,Cd-109-9178,-2.26,1.94,50,0.66,4,39;50;51;63,
8848,upper,R1C3,Bi-207-8890,-1.12,-4.09,54,1.15,6,42;43;53;54;55;67,
8848,upper,R2C1,Bi-207-9176,-7.87,5.34,18,2.19,5,10;18;19;27;28,CHECK
8848,upper,R2C2,Bi-207-9177,-6.99,-0.81,12,1.26,4,12;13;20;21,
8848,upper,R2C3,Bi-207-8779,-4.93,-5.43,44,1.91,4,33;34;44;45,CHECK
8848,lower,R1C2,Cd-109-9178,-2.24,0.99,1076,0.12,7,1063;1064;1075;1076;1077;1087;1088,
8848,lower,R1C3,Bi-207-8890,-2.32,-5.45,1079,1.12,6,1066;1067;1079;1080;1090;1091,
8848,lower,R2C1,Bi-207-9176,-7.06,4.87,1105,0.45,5,1095;1096;1105;1106;1114,
8848,lower,R2C2,Bi-207-9177,-7.07,-1.88,1109,0.35,4,1108;1109;1117;1118,
8848,lower,R2C3,Bi-207-8779,-7.01,-8.28,1112,1.38,4,1101;1102;1111;1112,
8849,upper,R1C2,Cd-109-9178,-0.93,1.19,51,1.36,5,50;51;52;63;64,
8849,upper,R1C3,Bi-207-8890,0.21,-4.83,79,0.74,5,67;79;80;90;91,
8849,upper,R2C1,Bi-207-9176,-6.54,4.6,28,2.38,5,18;19;28;29;39,CHECK
8849,upper,R2C2,Bi-207-9177,-5.66,-1.55,41,1.92,5,30;31;41;42;53,CHECK
8849,upper,R2C3,Bi-207-8779,-3.6,-6.18,43,0.99,6,32;33;43;44;54;55,
8849,lower,R1C2,Cd-109-9178,6.65,2.56,1010,0.11,5,1009;1010;1011;1018;1019,
8849,lower,R1C3,Bi-207-8890,6.57,-3.88,1013,1.29,5,1012;1013;1014;1021;1022,
8849,lower,R2C1,Bi-207-9176,1.83,6.44,1048,1.14,5,1036;1037;1047;1048;1060,
8849,lower,R2C2,Bi-207-9177,1.82,-0.31,1040,0.53,4,1039;1040;1051;1052,
8849,lower,R2C3,Bi-207-8779,1.88,-6.71,1055,1.3,5,1043;1044;1054;1055;1067,
8850,upper,R1C2,Cd-109-9178,4.51,4.14,96,0.78,4,96;97;105;106,
8850,upper,R1C3,Bi-207-8890,5.65,-1.89,118,1.31,5,110;117;118;119;126,
8850,upper,R2C1,Bi-207-9176,-1.1,7.54,47,1.18,4,47;48;59;60,
8850,upper,R2C2,Bi-207-9177,-0.22,1.4,63,0.63,5,50;51;63;64;76,
8850,upper,R2C3,Bi-207-8779,1.84,-3.23,100,2.01,4,89;99;100;109,CHECK
8850,lower,R1C2,Cd-109-9178,5.12,3.48,1018,0.13,7,1009;1010;1017;1018;1019;1027;1028,
8850,lower,R1C3,Bi-207-8890,5.03,-2.96,1031,1.33,5,1021;1022;1030;1031;1032,
8850,lower,R2C1,Bi-207-9176,0.3,7.36,1060,1.13,7,1047;1048;1059;1060;1061;1072;1073,
8850,lower,R2C2,Bi-207-9177,0.28,0.61,1064,1.2,5,1051;1052;1063;1064;1076,
8850,lower,R2C3,Bi-207-8779,0.35,-5.8,1067,1.25,5,1055;1067;1068;1079;1080,
8853,upper,R1C2,Cd-109-9178,2.25,4.51,85,0.68,4,74;85;86;96,
8853,upper,R1C3,Bi-207-8890,3.39,-1.51,89,1.16,6,77;78;89;90;99;100,
8853,upper,R2C1,Bi-207-9176,-3.36,7.92,47,1.12,5,35;36;47;48;60,
8853,upper,R2C2,Bi-207-9177,-2.48,1.77,51,0.93,5,39;40;50;51;52,
8853,upper,R2C3,Bi-207-8779,-0.42,-2.86,54,2.35,4,42;43;54;55,CHECK
8853,lower,R1C2,Cd-109-9178,2.28,3.58,1038,0.12,7,1027;1028;1037;1038;1039;1049;1050,
8853,lower,R1C3,Bi-207-8890,2.2,-2.86,1042,0.61,4,1031;1041;1042;1053,
8853,lower,R2C1,Bi-207-9176,-2.54,7.46,1084,1.32,4,1072;1073;1084;1085,
8853,lower,R2C2,Bi-207-9177,-2.55,0.71,1076,0.34,4,1076;1077;1087;1088,
8853,lower,R2C3,Bi-207-8779,-2.49,-5.7,1091,1.36,5,1079;1080;1091;1092;1102,
8854,upper,R1C2,Cd-109-9178,-0.56,4.62,61,0.6,5,49;61;62;73;74,
8854,upper,R1C3,Bi-207-8890,0.58,-1.4,65,1.37,5,53;65;66;77;78,
8854,upper,R2C1,Bi-207-9176,-6.17,8.03,26,2.17,4,26;27;36;37,CHECK
8854,upper,R2C2,Bi-207-9177,-5.29,1.88,29,1.02,7,19;20;28;29;30;39;40,
8854,upper,R2C3,Bi-207-8779,-3.23,-2.74,43,2.51,5,32;33;42;43;44,CHECK
8854,lower,R1C2,Cd-109-9178,-0.39,3.54,1062,0.37,5,1049;1050;1061;1062;1063,
8854,lower,R1C3,Bi-207-8890,-0.48,-2.9,1053,1.26,5,1052;1053;1054;1065;1066,
8854,lower,R2C1,Bi-207-9176,-5.21,7.42,1095,1.36,3,1084;1094;1095,
8854,lower,R2C2,Bi-207-9177,-5.23,0.67,1098,0.2,6,1087;1088;1098;1099;1107;1108,
8854,lower,R2C3,Bi-207-8779,-5.16,-5.73,1102,0.34,5,1091;1101;1102;1111;1112,
8855,upper,R1C2,Cd-109-9178,-2.26,4.13,49,0.2,7,37;38;48;49;50;61;62,
8855,upper,R1C3,Bi-207-8890,-1.12,-1.89,53,1.33,7,41;42;52;53;54;65;66,
8855,upper,R2C1,Bi-207-9176,-7.87,7.53,17,2.59,4,9;17;18;27,CHECK
8855,upper,R2C2,Bi-207-9177,-6.99,1.39,11,1.36,5,10;11;12;19;20,
8855,upper,R2C3,Bi-207-8779,-4.93,-3.24,43,2.29,5,32;33;43;44;55,CHECK
8855,lower,R1C2,Cd-109-9178,-2.21,3.64,1074,0.69,4,1062;1074;1075;1086,
8855,lower,R1C3,Bi-207-8890,-2.29,-2.8,1078,0.21,7,1065;1066;1077;1078;1079;1089;1090,
8855,lower,R2C1,Bi-207-9176,-7.03,7.52,1105,2.34,4,1096;1105;1106;1114,CHECK
8855,lower,R2C2,Bi-207-9177,-7.04,0.77,1108,0.82,4,1107;1108;1116;1117,
8855,lower,R2C3,Bi-207-8779,-6.98,-5.63,1111,0.5,5,1101;1102;1110;1111;1112,
8856,upper,R2C1,Bi-207-9176,-9.96,7.54,,,0,,CHECK
8856,upper,R1C2,Cd-109-9178,-4.35,4.14,27,0.92,4,27;28;37;38,
8856,upper,R1C3,Bi-207-8890,-3.21,-1.89,53,1.19,4,53;54;65;66,
8856,upper,R2C2,Bi-207-9177,-9.08,1.39,19,2.36,4,11;19;20;29,CHECK
8856,upper,R2C3,Bi-207-8779,-7.02,-3.23,31,1.88,5,30;31;32;41;42,CHECK
8856,lower,R2C1,Bi-207-9176,-8.68,7.38,,,0,,CHECK
8856,lower,R1C2,Cd-109-9178,-3.86,3.5,1086,0.12,7,1074;1075;1085;1086;1087;1096;1097,
8856,lower,R1C3,Bi-207-8890,-3.95,-2.93,1100,1.34,3,1089;1090;1100,
8856,lower,R2C2,Bi-207-9177,-8.7,0.63,1108,2.05,4,1098;1107;1108;1116,CHECK
8856,lower,R2C3,Bi-207-8779,-8.63,-5.77,1111,1.97,4,1101;1102;1111;1112,CHECK
8857,upper,R1C2,Cd-109-9178,5.05,1.88,107,0.25,6,97;106;107;108;115;116,
8857,upper,R1C3,Bi-207-8890,6.19,-4.14,109,2.58,3,109;117;118,CHECK
8857,upper,R2C1,Bi-207-9176,-0.56,5.29,74,1.62,5,73;74;75;85;86,
8857,upper,R2C2,Bi-207-9177,0.32,-0.86,88,2.11,6,77;87;88;89;98;99,CHECK
8857,upper,R2C3,Bi-207-8779,2.38,-5.48,101,1.79,4,100;101;110;111,
8857,lower,R1C2,Cd-109-9178,5.85,1.12,1011,0.93,4,1011;1012;1019;1020,
8857,lower,R1C3,Bi-207-8890,5.77,-5.32,1023,0.53,5,1014;1022;1023;1032;1033,
8857,lower,R2C1,Bi-207-9176,1.03,5.0,1037,1.23,4,1026;1027;1037;1038,
8857,lower,R2C2,Bi-207-9177,1.02,-1.75,1041,1.23,5,1030;1031;1040;1041;1052,
8857,lower,R2C3,Bi-207-8779,1.08,-8.15,1068,2.2,4,1067;1068;1080;1081,CHECK
8858,upper,R2C1,Bi-207-9176,-8.8,8.37,,,0,,CHECK
8858,upper,R1C2,Cd-109-9178,-3.19,4.97,37,0.61,5,27;37;38;48;49,
8858,upper,R1C3,Bi-207-8890,-2.05,-1.06,41,1.83,6,30;31;40;41;52;53,CHECK
8858,upper,R2C2,Bi-207-9177,-7.92,2.22,10,0.5,4,10;11;18;19,
8858,upper,R2C3,Bi-207-8779,-5.86,-2.4,32,2.02,5,32;33;42;43;44,CHECK
8858,lower,R1C2,Cd-109-9178,-2.84,4.33,1074,0.59,5,1073;1074;1075;1085;1086,
8858,lower,R1C3,Bi-207-8890,-2.93,-2.11,1089,0.91,5,1077;1078;1088;1089;1090,
8858,lower,R2C1,Bi-207-9176,-7.66,8.21,1094,2.45,3,1084;1094;1095,CHECK
8858,lower,R2C2,Bi-207-9177,-7.67,1.46,1116,0.82,4,1107;1108;1115;1116,
8858,lower,R2C3,Bi-207-8779,-7.61,-4.95,1101,2.44,4,1091;1101;1102;1111,CHECK
8859,upper,R1C2,Cd-109-9178,-0.85,5.08,61,0.15,7,48;49;60;61;62;73;74,
8859,upper,R1C3,Bi-207-8890,0.29,-0.94,77,0.46,3,77;78;89,
8859,upper,R2C1,Bi-207-9176,-6.46,8.49,25,1.39,5,25;26;35;36;37,
8859,upper,R2C2,Bi-207-9177,-5.58,2.34,19,1.32,7,10;11;18;19;20;28;29,
8859,upper,R2C3,Bi-207-8779,-3.52,-2.29,52,1.9,5,51;52;53;64;65,CHECK
8859,lower,R1C2,Cd-109-9178,-0.74,4.24,1062,0.78,4,1049;1061;1062;1074,
8859,lower,R1C3,Bi-207-8890,-0.83,-2.2,1065,0.47,6,1053;1064;1065;1066;1077;1078,
8859,lower,R2C1,Bi-207-9176,-5.56,8.12,1094,0.45,3,1084;1094;1095,
8859,lower,R2C2,Bi-207-9177,-5.58,1.37,1107,1.23,4,1097;1098;1107;1108,
8859,lower,R2C3,Bi-207-8779,-5.51,-5.03,1111,1.25,4,1101;1102;1110;1111,
8860,upper,R1C2,Cd-109-9178,0.69,5.46,73,0.6,4,61;73;74;85,
8860,upper,R1C3,Bi-207-8890,1.83,-0.56,77,1.13,5,65;77;78;88;89,
8860,upper,R2C1,Bi-207-9176,-4.92,8.87,36,2.26,7,25;26;35;36;37;47;48,CHECK
8860,upper,R2C2,Bi-207-9177,-4.04,2.72,51,2.58,4,39;40;50;51,CHECK
8860,upper,R2C3,Bi-207-8779,-1.98,-1.9,42,2.36,4,32;42;43;54,CHECK
8860,lower,R1C2,Cd-109-9178,0.75,4.44,1049,0.11,7,1037;1038;1048;1049;1050;1061;1062,
8860,lower,R1C3,Bi-207-8890,0.66,-1.99,1053,0.61,5,1041;1042;1052;1053;1065,
8860,lower,R2C1,Bi-207-9176,-4.07,8.32,1084,1.43,3,1084;1094;1095,
8860,lower,R2C2,Bi-207-9177,-4.09,1.57,1087,0.37,6,1076;1086;1087;1088;1097;1098,
8860,lower,R2C3,Bi-207-8779,-4.02,-4.83,1091,0.46,4,1090;1091;1101;1102,
8861,upper,R1C2,Cd-109-9178,3.03,4.99,85,0.81,4,85;86;95;96,
8861,upper,R1C3,Bi-207-8890,4.17,-1.03,99,0.45,5,88;89;99;100;109,
8861,upper,R2C1,Bi-207-9176,-2.58,8.39,47,0.68,4,47;48;59;60,
8861,upper,R2C2,Bi-207-9177,-1.7,2.25,50,0.65,4,39;50;51;63,
8861,upper,R2C3,Bi-207-8779,0.36,-2.38,66,1.55,4,53;54;66;67,
8861,lower,R1C2,Cd-109-9178,3.62,4.34,1027,0.13,7,1017;1018;1026;1027;1028;1037;1038,
8861,lower,R1C3,Bi-207-8890,3.54,-2.1,1031,0.54,5,1021;1030;1031;1041;1042,
8861,lower,R2C1,Bi-207-9176,-1.2,8.22,1072,1.14,4,1059;1060;1072;1073,
8861,lower,R2C2,Bi-207-9177,-1.21,1.47,1076,1.2,5,1063;1064;1075;1076;1087,
8861,lower,R2C3,Bi-207-8779,-1.15,-4.93,1079,1.26,5,1066;1067;1079;1080;1091,
8862,upper,R1C2,Cd-109-9178,5.17,4.53,105,0.68,4,96;105;106;114,
8862,upper,R1C3,Bi-207-8890,6.31,-1.5,108,1.84,6,98;99;107;108;116;117,CHECK
8862,upper,R2C1,Bi-207-9176,-0.44,7.93,59,0.8,4,59;60;71;72,
8862,upper,R2C2,Bi-207-9177,0.44,1.78,75,0.87,5,62;63;75;76;87,
8862,upper,R2C3,Bi-207-8779,2.5,-2.84,79,2.3,5,66;67;78;79;80,CHECK
8862,lower,R1C2,Cd-109-9178,5.32,3.39,1018,0.1,7,1009;1010;1017;1018;1019;1027;1028,
8862,lower,R1C3,Bi-207-8890,5.24,-3.05,1021,1.32,6,1012;1013;1020;1021;1022;1031,
8862,lower,R2C1,Bi-207-9176,0.5,7.27,1047,0.58,4,1047;1048;1059;1060,
8862,lower,R2C2,Bi-207-9177,0.49,0.52,1051,0.44,5,1039;1050;1051;1063;1064,
8862,lower,R2C3,Bi-207-8779,0.55,-5.88,1067,1.47,4,1054;1055;1066;1067,
8863,upper,R1C2,Cd-109-9178,2.3,-3.29,90,0.18,5,78;79;90;91;101,
8863,upper,R1C3,Bi-207-8890,3.44,-9.31,103,1.55,3,92;102;103,
8863,upper,R2C1,Bi-207-9176,-3.31,0.12,51,1.3,7,39;40;50;51;52;63;64,
8863,upper,R2C2,Bi-207-9177,-2.43,-6.03,43,1.56,7,32;33;42;43;44;54;55,
8863,upper,R2C3,Bi-207-8779,-0.38,-10.66,69,2.03,5,56;68;69;80;81,CHECK
8863,lower,R1C2,Cd-109-9178,2.71,1.55,1039,0.49,6,1028;1029;1038;1039;1040;1051,
8863,lower,R1C3,Bi-207-8890,2.62,-4.88,1043,0.49,6,1032;1033;1042;1043;1054;1055,
8863,lower,R2C1,Bi-207-9176,-2.11,5.44,1062,2.4,5,1049;1050;1061;1062;1063,CHECK
8863,lower,R2C2,Bi-207-9177,-2.13,-1.32,1066,2.55,3,1053;1065;1066,CHECK
8863,lower,R2C3,Bi-207-8779,-2.06,-7.72,1080,1.67,5,1067;1079;1080;1091;1092,
8864,upper,R1C2,Cd-109-9178,3.94,2.68,97,0.21,7,86;87;96;97;98;106;107,
8864,upper,R1C3,Bi-207-8890,5.08,-3.34,101,1.66,6,90;91;100;101;110;111,
8864,upper,R2C1,Bi-207-9176,-1.67,6.09,73,2.42,4,73;74;84;85,CHECK
8864,upper,R2C2,Bi-207-9177,-0.79,-0.06,51,1.73,7,39;40;50;51;52;63;64,
8864,upper,R2C3,Bi-207-8779,1.27,-4.69,78,2.15,4,65;77;78;89,CHECK
8864,lower,R1C2,Cd-109-9178,4.17,1.25,1029,0.57,4,1019;1020;1028;1029,
8864,lower,R1C3,Bi-207-8890,4.09,-5.19,1032,0.92,5,1022;1023;1032;1033;1043,
8864,lower,R2C1,Bi-207-9176,-0.65,5.13,1049,1.61,4,1037;1038;1049;1050,
8864,lower,R2C2,Bi-207-9177,-0.66,-1.62,1053,1.72,4,1041;1042;1052;1053,
8864,lower,R2C3,Bi-207-8779,-0.6,-8.02,1080,2.56,4,1079;1080;1091;1092,CHECK
8865,upper,R1C2,Cd-109-9178,-2.27,3.52,49,0.81,4,38;49;50;62,
8865,upper,R1C3,Bi-207-8890,-1.13,-2.5,53,1.13,5,41;42;53;54;66,
8865,upper,R2C1,Bi-207-9176,-7.88,6.92,17,2.06,4,17;18;26;27,CHECK
8865,upper,R2C2,Bi-207-9177,-7.0,0.78,11,1.25,4,11;12;19;20,
8865,upper,R2C3,Bi-207-8779,-4.94,-3.85,43,1.8,4,33;43;44;55,
8865,lower,R1C2,Cd-109-9178,-2.24,2.7,1075,0.1,7,1062;1063;1074;1075;1076;1086;1087,
8865,lower,R1C3,Bi-207-8890,-2.33,-3.74,1079,0.6,4,1066;1078;1079;1090,
8865,lower,R2C1,Bi-207-9176,-7.06,6.58,1105,1.42,4,1095;1096;1105;1106,
8865,lower,R2C2,Bi-207-9177,-7.08,-0.17,1108,0.37,4,1108;1109;1116;1117,
8865,lower,R2C3,Bi-207-8779,-7.01,-6.57,1111,1.4,4,1101;1102;1110;1111,
