run,segment,pixel,accepted,chi2r,cen1,cen1_err_pct,cen2,cen2_err_pct,attempt,window
8622,0,1052,0,,,,,,,
8622,0,1055,0,,,,,,,
8622,0,1056,0,,,,,,,
8623,0,1064,0,,,,,,,
8623,0,1077,0,,,,,,,
8623,0,1080,0,,,,,,,
8623,0,1081,0,,,,,,,
8624,0,1042,0,,,,,,,
8624,0,1053,0,,,,,,,
8624,0,1084,0,,,,,,,
8624,0,1085,0,,,,,,,
8624,0,1092,0,,,,,,,
8624,0,1095,0,,,,,,,
8624,0,1102,0,,,,,,,
8625,0,1066,0,,,,,,,
8625,0,1095,0,,,,,,,
8625,0,1099,0,,,,,,,
8625,0,1105,0,,,,,,,
8626,0,1037,0,,,,,,,
8626,0,1040,0,,,,,,,
8627,0,1017,0,,,,,,,
8627,0,1026,0,,,,,,,
8627,0,1033,0,,,,,,,
8628,0,1049,0,,,,,,,
8628,0,1052,0,,,,,,,
8628,0,1053,0,,,,,,,
8628,0,1056,1,1.27,156.6,1.4,188.7,26.0,"widths: sig1=5,sig2=5",predicted window
8629,0,1033,0,,,,,,,
8629,0,1065,0,,,,,,,
8629,0,1074,0,,,,,,,
8629,0,1077,0,,,,,,,
8629,0,1078,0,,,,,,,
8629,0,1081,0,,,,,,,
8630,0,1043,0,,,,,,,
8630,0,1055,0,,,,,,,
8630,0,1085,0,,,,,,,
8630,0,1089,0,,,,,,,
8631,0,1106,0,,,,,,,
8632,0,1037,0,,,,,,,
8632,0,1038,0,,,,,,,
8632,0,1041,0,,,,,,,
8635,0,1021,0,,,,,,,
8635,0,1047,0,,,,,,,
8635,0,1050,0,,,,,,,
8635,0,1051,0,,,,,,,
8636,0,1030,0,,,,,,,
8636,0,1031,0,,,,,,,
8636,0,1041,0,,,,,,,
8636,0,1063,0,,,,,,,
8636,0,1076,0,,,,,,,
8636,0,1079,0,,,,,,,
8636,0,1080,0,,,,,,,
8637,0,1041,0,,,,,,,
8637,0,1052,0,,,,,,,
8637,0,1053,0,,,,,,,
8637,0,1084,0,,,,,,,
8637,0,1087,0,,,,,,,
8637,0,1091,0,,,,,,,
8637,0,1101,0,,,,,,,
8643,0,1065,0,,,,,,,
8643,0,1098,0,,,,,,,
8643,0,1107,0,,,,,,,
8644,0,1029,0,,,,,,,
8644,0,1039,0,,,,,,,
8644,0,1043,0,,,,,,,
8645,0,1116,0,,,,,,,
8646,0,1079,0,,,,,,,
8646,0,1105,0,,,,,,,
8646,0,1109,0,,,,,,,
8646,0,1117,0,,,,,,,
8647,0,1054,0,,,,,,,
8647,0,1095,0,,,,,,,
8648,0,1077,0,,,,,,,
8648,0,1081,0,,,,,,,
8648,0,1089,0,,,,,,,
8649,0,1065,0,,,,,,,
8649,0,1081,0,,,,,,,
8650,0,1037,0,,,,,,,
8650,0,1041,0,,,,,,,
8650,0,1056,0,,,,,,,
8651,0,1013,0,,,,,,,
8651,0,1040,0,,,,,,,
8651,0,1047,1,1.4,152.7,17.0,176.8,2.5,"prominence=7, widths: sig1=5,sig2=5",predicted window
8651,0,1048,0,,,,,,,
8651,0,1051,0,,,,,,,
8651,0,1055,1,1.22,158.3,2.3,197.3,6.9,widths: measured,recipe window
8652,0,1022,0,,,,,,,
8652,0,1060,0,,,,,,,
8652,0,1064,0,,,,,,,
8652,0,1068,0,,,,,,,
8653,0,1041,0,,,,,,,
8653,0,1073,0,,,,,,,
8653,0,1076,0,,,,,,,
8653,0,1080,0,,,,,,,
8653,0,1084,0,,,,,,,
8653,0,1091,0,,,,,,,
8653,0,1092,0,,,,,,,
8654,0,1053,1,1.4,153.8,1.3,198.7,4.1,fill-in 1/2 found,recipe window
8654,0,1066,0,,,,,,,
8654,0,1102,0,,,,,,,
8655,0,1078,0,,,,,,,
8655,0,1111,0,,,,,,,
8655,0,1116,0,,,,,,,
8656,0,1089,0,,,,,,,
8656,0,1100,0,,,,,,,
8657,0,1099,0,,,,,,,
8657,0,1100,0,,,,,,,
8657,0,1109,0,,,,,,,
8658,0,1090,0,,,,,,,
8659,0,1020,0,,,,,,,
8659,0,1026,0,,,,,,,
8659,0,1033,0,,,,,,,
8681,0,1022,0,,,,,,,
8681,0,1052,0,,,,,,,
8681,0,1055,0,,,,,,,
8681,0,1068,0,,,,,,,
8682,0,1073,0,,,,,,,
8682,0,1077,0,,,,,,,
8682,0,1080,0,,,,,,,
8682,0,1081,0,,,,,,,
8683,0,1053,0,,,,,,,
8683,0,1085,0,,,,,,,
8683,0,1088,0,,,,,,,
8683,0,1092,0,,,,,,,
8683,0,1095,0,,,,,,,
8683,0,1102,0,,,,,,,
8684,0,1066,0,,,,,,,
8684,0,1095,0,,,,,,,
8684,0,1105,0,,,,,,,
8685,0,1040,0,,,,,,,
8686,0,1017,0,,,,,,,
8686,0,1026,0,,,,,,,
8686,0,1033,0,,,,,,,
8687,0,1049,0,,,,,,,
8687,0,1052,0,,,,,,,
8687,0,1056,0,,,,,,,
8688,0,1032,0,,,,,,,
8688,0,1033,0,,,,,,,
8688,0,1065,0,,,,,,,
8688,0,1074,0,,,,,,,
8688,0,1077,0,,,,,,,
8688,0,1078,0,,,,,,,
8688,0,1081,0,,,,,,,
8689,0,1055,0,,,,,,,
8689,0,1085,0,,,,,,,
8689,0,1086,0,,,,,,,
8689,0,1089,0,,,,,,,
8690,0,1100,0,,,,,,,
8690,0,1106,0,,,,,,,
8691,0,1037,0,,,,,,,
8691,0,1038,0,,,,,,,
8691,0,1041,0,,,,,,,
8692,0,1021,0,,,,,,,
8692,0,1051,0,,,,,,,
8693,0,1031,0,,,,,,,
8693,0,1072,0,,,,,,,
8693,0,1076,0,,,,,,,
8693,0,1079,0,,,,,,,
8693,0,1080,0,,,,,,,
8694,0,1041,0,,,,,,,
8694,0,1052,0,,,,,,,
8694,0,1053,0,,,,,,,
8694,0,1087,0,,,,,,,
8694,0,1091,0,,,,,,,
8696,0,1098,0,,,,,,,
8697,0,1039,0,,,,,,,
8698,0,1089,0,,,,,,,
8698,0,1116,0,,,,,,,
8699,0,1099,0,,,,,,,
8699,0,1100,0,,,,,,,
8700,0,1079,0,,,,,,,
8700,0,1109,0,,,,,,,
8700,0,1117,0,,,,,,,
8704,0,1049,0,,,,,,,
8704,0,1052,0,,,,,,,
8704,0,1056,0,,,,,,,
8705,0,1013,0,,,,,,,
8705,0,1040,0,,,,,,,
8705,0,1047,0,,,,,,,
8705,0,1048,1,1.7,149.6,9.1,182.3,7.3,"fill-in 1/2 found, widths: sig1=8,sig2=8",recipe window
8705,0,1051,0,,,,,,,
8705,0,1055,0,,,,,,,
8706,0,1021,0,,,,,,,
8706,0,1031,1,1.78,171.3,13.6,197.7,6.2,"widths: sig1=8,sig2=8",recipe window
8706,0,1060,0,,,,,,,
8706,0,1067,0,,,,,,,
8706,0,1068,0,,,,,,,
8707,0,1041,0,,,,,,,
8707,0,1042,0,,,,,,,
8707,0,1076,0,,,,,,,
8707,0,1080,0,,,,,,,
8707,0,1091,0,,,,,,,
8707,0,1092,0,,,,,,,
8708,0,1053,0,,,,,,,
8708,0,1094,0,,,,,,,
8708,0,1098,0,,,,,,,
8709,0,1111,0,,,,,,,
8709,0,1116,0,,,,,,,
8710,0,1090,0,,,,,,,
8710,0,1100,0,,,,,,,
8712,0,1020,0,,,,,,,
8712,0,1026,0,,,,,,,
8712,0,1033,0,,,,,,,
8713,0,1023,0,,,,,,,
8713,0,1032,0,,,,,,,
8713,0,1061,0,,,,,,,
8713,0,1065,0,,,,,,,
8715,0,1042,0,,,,,,,
8715,0,1043,0,,,,,,,
8715,0,1074,0,,,,,,,
8715,0,1077,0,,,,,,,
8715,0,1081,0,,,,,,,
8715,0,1085,0,,,,,,,
8715,0,1089,0,,,,,,,
8715,0,1092,0,,,,,,,
8716,0,1061,0,,,,,,,
8716,0,1065,0,,,,,,,
8716,0,1068,0,,,,,,,
8717,0,1032,0,,,,,,,
8718,0,1030,0,,,,,,,
8718,0,1031,0,,,,,,,
8719,0,1017,0,,,,,,,
8721,0,1078,0,,,,,,,
8721,0,1079,0,,,,,,,
8721,0,1105,1,1.17,152.3,4.0,187.9,2.7,"fill-in 1/2 found, widths: sig1=8,sig2=8",recipe window
8721,0,1108,0,,,,,,,
8824,0,1099,0,,,,,,,
8824,0,1100,0,,,,,,,
8825,0,1032,0,,,,,,,
8825,0,1033,0,,,,,,,
8826,0,1023,0,,,,,,,
8827,0,1078,0,,,,,,,
8827,0,1079,0,,,,,,,
8827,0,1105,0,,,,,,,
8827,0,1117,0,,,,,,,
8828,0,1054,0,,,,,,,
8828,0,1095,0,,,,,,,
8828,0,1096,0,,,,,,,
8829,0,1017,0,,,,,,,
8829,0,1021,0,,,,,,,
8830,0,1027,0,,,,,,,
8830,0,1031,0,,,,,,,
8831,0,1079,0,,,,,,,
8831,0,1117,0,,,,,,,
8832,0,1066,0,,,,,,,
8832,0,1095,0,,,,,,,
8832,0,1099,0,,,,,,,
8832,0,1105,0,,,,,,,
8832,0,1108,0,,,,,,,
8834,0,1042,0,,,,,,,
8834,0,1053,0,,,,,,,
8834,0,1084,0,,,,,,,
8834,0,1085,1,1.2,159.6,2.5,192.2,3.0,predicted-start,recipe window
8834,0,1088,0,,,,,,,
8834,0,1095,0,,,,,,,
8834,0,1102,0,,,,,,,
8835,0,1032,0,,,,,,,
8835,0,1064,0,,,,,,,
8835,0,1077,0,,,,,,,
8835,0,1081,0,,,,,,,
8837,0,1040,0,,,,,,,
8838,0,1026,0,,,,,,,
8838,0,1033,0,,,,,,,
8839,0,1096,0,,,,,,,
8839,0,1106,0,,,,,,,
8840,0,1055,0,,,,,,,
8840,0,1086,0,,,,,,,
8840,0,1096,0,,,,,,,
8841,0,1033,0,,,,,,,
8841,0,1074,0,,,,,,,
8841,0,1077,0,,,,,,,
8841,0,1078,0,,,,,,,
8841,0,1081,0,,,,,,,
8842,0,1052,0,,,,,,,
8842,0,1053,0,,,,,,,
8843,0,1037,0,,,,,,,
8843,0,1038,1,1.25,153.9,10.7,186.0,2.8,"fill-in 1/2 found, widths: sig1=8,sig2=8",recipe window
8843,0,1041,0,,,,,,,
8844,0,1037,1,1.11,157.5,3.8,196.3,3.6,recipe,recipe window
8844,0,1049,0,,,,,,,
8844,0,1052,0,,,,,,,
8844,0,1056,0,,,,,,,
8845,0,1032,0,,,,,,,
8845,0,1061,0,,,,,,,
8845,0,1065,0,,,,,,,
8846,0,1042,0,,,,,,,
8846,0,1074,0,,,,,,,
8846,0,1077,0,,,,,,,
8846,0,1081,0,,,,,,,
8846,0,1089,0,,,,,,,
8847,0,1095,0,,,,,,,
8848,0,1079,0,,,,,,,
8848,0,1105,0,,,,,,,
8848,0,1109,0,,,,,,,
8849,0,1013,0,,,,,,,
8849,0,1040,0,,,,,,,
8849,0,1048,0,,,,,,,
8849,0,1051,0,,,,,,,
8849,0,1055,0,,,,,,,
8850,0,1060,0,,,,,,,
8850,0,1064,0,,,,,,,
8850,0,1067,0,,,,,,,
8850,0,1068,0,,,,,,,
8853,0,1041,0,,,,,,,
8853,0,1076,0,,,,,,,
8853,0,1080,0,,,,,,,
8853,0,1084,0,,,,,,,
8853,0,1091,0,,,,,,,
8853,0,1092,0,,,,,,,
8854,0,1053,0,,,,,,,
8854,0,1066,0,,,,,,,
8854,0,1094,0,,,,,,,
8854,0,1098,0,,,,,,,
8854,0,1102,0,,,,,,,
8855,0,1078,0,,,,,,,
8855,0,1111,0,,,,,,,
8856,0,1089,0,,,,,,,
8856,0,1100,0,,,,,,,
8858,0,1078,0,,,,,,,
8859,0,1065,0,,,,,,,
8859,0,1098,1,1.14,147.9,5.8,195.2,0.4,"prominence=7, widths: sig1=5,sig2=5",predicted window
8859,0,1111,0,,,,,,,
8860,0,1052,0,,,,,,,
8860,0,1053,0,,,,,,,
8860,0,1084,0,,,,,,,
8860,0,1087,0,,,,,,,
8860,0,1091,0,,,,,,,
8860,0,1094,0,,,,,,,
8860,0,1101,0,,,,,,,
8861,0,1041,0,,,,,,,
8861,0,1063,0,,,,,,,
8861,0,1079,0,,,,,,,
8861,0,1080,0,,,,,,,
8862,0,1021,0,,,,,,,
8862,0,1047,0,,,,,,,
8863,0,1039,1,1.06,158.9,1.3,195.3,3.9,"fill-in 1/2 found, widths: sig1=8,sig2=8",recipe window
8863,0,1043,0,,,,,,,
8864,0,1032,0,,,,,,,
8864,0,1033,0,,,,,,,
8865,0,1078,0,,,,,,,
8865,0,1079,0,,,,,,,
8865,0,1105,0,,,,,,,
8865,0,1108,0,,,,,,,
9469,0,66,0,,,,,,,
9469,0,1051,1,1.19,157.6,5.5,193.3,2.7,predicted-start,recipe window
9469,0,1099,0,,,,,,,
9469,0,1100,0,,,,,,,
9469,1,17,0,,,,,,,
9469,1,1076,0,,,,,,,
9469,1,1080,0,,,,,,,
9469,1,1109,1,0.85,164.0,5.6,184.1,2.7,"prominence=10, widths: measured",recipe window
9469,1,1110,0,,,,,,,
9469,1,1118,0,,,,,,,
9469,2,49,0,,,,,,,
9469,2,87,0,,,,,,,
9469,2,1043,0,,,,,,,
9469,2,1044,0,,,,,,,
9469,2,1074,0,,,,,,,
9469,2,1075,0,,,,,,,
9469,2,1078,0,,,,,,,
9469,2,1086,0,,,,,,,
9469,3,1050,0,,,,,,,
9469,3,1053,0,,,,,,,
9469,3,1062,0,,,,,,,
9469,3,1094,0,,,,,,,
9469,3,1095,0,,,,,,,
9469,4,11,0,,,,,,,
9469,4,50,0,,,,,,,
9469,4,53,0,,,,,,,
9469,4,1078,0,,,,,,,
9469,4,1117,0,,,,,,,
9469,5,38,0,,,,,,,
9469,5,77,0,,,,,,,
9469,5,85,0,,,,,,,
9469,5,1037,0,,,,,,,
9469,5,1038,0,,,,,,,
9469,5,1041,0,,,,,,,
9469,5,1072,0,,,,,,,
9469,5,1076,0,,,,,,,
9469,5,1084,0,,,,,,,
9469,6,76,0,,,,,,,
9469,6,1010,0,,,,,,,
9469,6,1013,0,,,,,,,
9469,6,1037,0,,,,,,,
9469,6,1048,0,,,,,,,
9469,7,61,0,,,,,,,
9469,7,64,0,,,,,,,
9469,7,1019,0,,,,,,,
9469,7,1020,0,,,,,,,
9469,7,1023,0,,,,,,,
9469,7,1029,0,,,,,,,
9469,7,1032,0,,,,,,,
9469,7,1062,0,,,,,,,
9469,8,1039,0,,,,,,,
9469,8,1042,0,,,,,,,
9469,8,1085,0,,,,,,,
9469,9,1088,0,,,,,,,
9469,9,1101,0,,,,,,,
9469,10,59,0,,,,,,,
9469,10,1018,0,,,,,,,
9469,10,1021,0,,,,,,,
9469,10,1022,0,,,,,,,
9469,10,1028,0,,,,,,,
9469,10,1063,0,,,,,,,
9469,10,1064,0,,,,,,,
9469,11,95,0,,,,,,,
9469,11,1017,0,,,,,,,
9469,11,1027,0,,,,,,,
9469,12,87,0,,,,,,,
9469,12,1040,0,,,,,,,
9469,13,1111,0,,,,,,,
9469,15,49,0,,,,,,,
9469,15,1075,0,,,,,,,
9469,15,1107,0,,,,,,,
9469,15,1108,0,,,,,,,
9469,16,27,0,,,,,,,
9469,16,31,0,,,,,,,
9469,16,1086,0,,,,,,,
9469,16,1087,0,,,,,,,
9469,16,1090,0,,,,,,,
9469,16,1097,0,,,,,,,
9469,16,1101,0,,,,,,,
9469,17,1017,0,,,,,,,
9469,18,12,0,,,,,,,
9469,18,17,0,,,,,,,
9469,18,1106,0,,,,,,,
9469,18,1109,0,,,,,,,
9469,18,1110,0,,,,,,,
9469,18,1118,0,,,,,,,
9469,19,1019,0,,,,,,,
9469,19,1029,0,,,,,,,
9469,19,1032,0,,,,,,,
9469,19,1077,0,,,,,,,
9469,20,77,0,,,,,,,
9469,20,1015,0,,,,,,,
9469,20,1037,0,,,,,,,
9469,20,1038,0,,,,,,,
9469,21,110,0,,,,,,,
9469,21,1010,0,,,,,,,
9469,21,1019,0,,,,,,,
9469,21,1022,0,,,,,,,
9469,22,1012,0,,,,,,,
9469,22,1015,0,,,,,,,
9469,22,1020,0,,,,,,,
9469,22,1023,0,,,,,,,
9469,22,1024,0,,,,,,,
9469,22,1049,0,,,,,,,
9469,23,1012,0,,,,,,,
9469,24,1116,0,,,,,,,
9469,24,1119,0,,,,,,,
9469,26,40,0,,,,,,,
9469,26,86,0,,,,,,,
9469,26,1043,0,,,,,,,
9469,26,1073,0,,,,,,,
9469,26,1077,0,,,,,,,
9469,26,1088,0,,,,,,,
9469,27,47,0,,,,,,,
9469,27,50,0,,,,,,,
9469,27,96,0,,,,,,,
9469,27,1027,0,,,,,,,
9469,27,1028,0,,,,,,,
9469,27,1041,0,,,,,,,
9469,27,1073,0,,,,,,,
9469,27,1076,0,,,,,,,
9469,28,95,0,,,,,,,
9469,28,1027,0,,,,,,,
9469,28,1030,0,,,,,,,
9469,28,1063,0,,,,,,,
9469,30,65,0,,,,,,,
9469,30,1020,0,,,,,,,
9469,30,1023,0,,,,,,,
9469,30,1024,0,,,,,,,
9469,30,1053,0,,,,,,,
9469,30,1065,0,,,,,,,
9469,31,109,0,,,,,,,
9469,31,1009,0,,,,,,,
9469,31,1012,0,,,,,,,
9469,31,1013,0,,,,,,,
9469,31,1021,0,,,,,,,
9469,31,1039,0,,,,,,,
9469,31,1050,0,,,,,,,
9469,32,79,0,,,,,,,
9469,32,1090,0,,,,,,,
9469,33,20,0,,,,,,,
9469,33,1063,0,,,,,,,
9469,33,1076,0,,,,,,,
9469,33,1079,0,,,,,,,
9469,33,1108,0,,,,,,,
9469,34,18,0,,,,,,,
9469,34,1101,0,,,,,,,
9469,34,1110,0,,,,,,,
9469,36,1020,0,,,,,,,
9469,37,61,0,,,,,,,
9469,37,1049,0,,,,,,,
9469,37,1061,0,,,,,,,
9469,37,1062,0,,,,,,,
9469,37,1065,0,,,,,,,
9469,37,1098,0,,,,,,,
9469,37,1107,0,,,,,,,
9469,38,12,0,,,,,,,
9469,38,1079,0,,,,,,,
9469,38,1080,0,,,,,,,
9469,38,1091,0,,,,,,,
9469,38,1106,0,,,,,,,
9469,38,1117,0,,,,,,,
9469,38,1118,0,,,,,,,
9469,39,96,0,,,,,,,
9469,39,100,1,1.07,30.0,6.4,40.7,13.2,predicted-start,predicted window
9469,39,1018,0,,,,,,,
9469,39,1028,0,,,,,,,
9469,39,1060,0,,,,,,,
9469,39,1063,0,,,,,,,
9469,39,1064,0,,,,,,,
9469,40,1053,0,,,,,,,
9469,40,1062,0,,,,,,,
9469,40,1099,0,,,,,,,
9469,41,1037,0,,,,,,,
9469,41,1040,0,,,,,,,
9469,41,1041,0,,,,,,,
9469,42,105,0,,,,,,,
9469,42,1017,0,,,,,,,
9469,42,1027,0,,,,,,,
9469,42,1030,0,,,,,,,
9469,43,1107,0,,,,,,,
9469,43,1119,0,,,,,,,
9469,44,88,0,,,,,,,
9469,44,1030,0,,,,,,,
9469,44,1043,0,,,,,,,
9469,44,1044,0,,,,,,,
9469,44,1074,0,,,,,,,
9469,47,1009,0,,,,,,,
9469,47,1012,0,,,,,,,
9469,47,1039,0,,,,,,,
9469,47,1050,0,,,,,,,
9469,47,1051,0,,,,,,,
9469,48,27,0,,,,,,,
9469,48,1052,0,,,,,,,
9469,48,1064,0,,,,,,,
9469,48,1068,0,,,,,,,
9469,48,1096,0,,,,,,,
9469,51,27,0,,,,,,,
9469,51,1052,0,,,,,,,
9469,51,1055,0,,,,,,,
9469,51,1064,0,,,,,,,
9469,51,1096,0,,,,,,,
9469,51,1097,0,,,,,,,
9469,52,1029,0,,,,,,,
